observer,neighbor,window_start,window_end,contacts,contact_time,tx_offer_M,tx_ok_M,tx_abort_M,rx_M,tx_offer_F,tx_ok_F,tx_abort_F,rx_F,buf_bytes_avg,buf_bytes_max,drop_buf_M,drop_buf_F
68,38,200,500,1,1,0,0,0,0,0,0,0,0,0.00,0,0,0
68,62,200,500,1,3,0,0,0,0,0,0,0,0,0.00,0,0,0
68,72,200,500,1,9,0,0,0,0,0,0,0,0,0.00,0,0,0
68,111,200,500,1,2,0,0,0,0,0,0,0,0,0.00,0,0,0
68,47,200,500,1,27,0,0,0,0,0,0,0,0,0.00,0,0,0
68,62,500,800,0,1,0,0,0,0,0,0,0,0,216240.71,411591,0,0
68,93,500,800,1,10,0,0,0,0,0,0,0,1,216240.71,411591,0,0
68,40,500,800,1,4,0,0,0,0,0,0,0,0,216240.71,411591,0,0
68,47,500,800,1,5,0,0,0,0,0,0,0,0,216240.71,411591,0,0
68,121,1100,1400,1,13,0,0,0,0,1,1,0,3,787297.78,1404994,0,0
68,61,1700,2000,1,5,0,0,0,0,7,3,1,0,1404994.00,1404994,0,0
68,52,2300,2600,1,3,0,0,0,0,1,0,1,0,1404994.00,1404994,0,0
68,78,2300,2600,1,27,0,0,0,0,4,4,0,0,1404994.00,1404994,0,0
68,58,2300,2600,1,3,0,0,0,0,3,2,1,0,1404994.00,1404994,0,0
68,20,2600,2900,1,34,0,0,0,0,0,0,0,0,1404994.00,1404994,0,0
68,101,2600,2900,1,2,0,0,0,0,2,1,1,0,1404994.00,1404994,0,0
68,100,2600,2900,1,2,0,0,0,0,2,1,1,0,1404994.00,1404994,0,0
68,99,2600,2900,1,2,0,0,0,0,2,1,0,0,1404994.00,1404994,0,0
68,26,2900,3200,1,13,0,0,0,0,4,4,0,0,1419479.50,1688704,0,0
68,82,2900,3200,1,13,0,0,0,0,4,4,0,0,1419479.50,1688704,0,0
68,101,2900,3200,1,3,0,0,0,0,2,1,1,0,1419479.50,1688704,0,0
68,100,2900,3200,1,2,0,0,0,0,0,0,0,1,1419479.50,1688704,0,0
68,99,2900,3200,0,1,0,0,0,0,1,1,1,0,1419479.50,1688704,0,0
68,98,2900,3200,1,2,0,0,0,0,0,0,0,0,1419479.50,1688704,0,0
68,40,2900,3200,1,7,0,0,0,0,0,0,0,0,1419479.50,1688704,0,0
68,13,2900,3200,1,91,0,0,0,0,4,4,0,0,1419479.50,1688704,0,0
68,88,3200,3500,1,13,0,0,0,0,4,4,0,0,3188359.57,4509136,0,2
68,67,3200,3500,1,13,0,0,0,2,0,0,0,6,3188359.57,4509136,0,2
68,62,3200,3500,1,3,0,0,0,0,0,0,0,2,3188359.57,4509136,0,2
68,99,3200,3500,1,2,0,0,0,0,2,1,1,0,3188359.57,4509136,0,2
68,73,3500,3800,1,12,1,1,0,0,9,9,0,0,4617217.05,4815233,0,6
68,72,3500,3800,1,25,0,0,0,2,0,0,0,5,4617217.05,4815233,0,6
68,54,3500,3800,1,2,1,0,1,0,0,0,0,0,4617217.05,4815233,0,6
68,50,3500,3800,1,2,0,0,0,0,3,2,1,0,4617217.05,4815233,0,6
68,86,3800,4100,1,14,0,0,0,1,0,0,0,10,4747161.45,4971538,5,23
68,102,3800,4100,1,14,0,0,0,0,0,0,0,10,4747161.45,4971538,5,23
68,14,3800,4100,1,12,0,0,0,1,0,0,0,7,4747161.45,4971538,5,23
68,17,4100,4400,1,10,0,0,0,2,0,0,0,2,4686474.27,4778761,1,5
68,104,4400,4700,1,10,0,0,0,1,0,0,0,6,4750162.31,4843349,0,8
68,116,4400,4700,1,2,0,0,0,0,1,0,1,1,4750162.31,4843349,0,8
68,65,4700,5000,1,11,2,2,0,0,5,4,1,0,4762031.00,4762031,0,0
68,57,4700,5000,2,4,2,0,2,0,1,1,0,0,4762031.00,4762031,0,0
68,41,4700,5000,1,4,1,0,1,0,1,1,0,0,4762031.00,4762031,0,0
68,53,4700,5000,1,8,2,1,1,0,1,1,0,0,4762031.00,4762031,0,0
68,53,5000,5300,1,3,1,0,1,0,0,0,0,0,4762031.00,4762031,0,0
68,91,5600,5900,1,9,0,0,0,1,0,0,0,4,4639956.65,4762031,2,4
68,36,5900,6200,1,5,1,1,0,0,2,1,1,0,3921402.00,3921402,0,0
68,81,6200,6500,1,9,1,1,0,0,3,2,1,0,4180093.05,4344459,0,0
68,45,6200,6500,1,4,0,0,0,0,1,0,1,0,4180093.05,4344459,0,0
68,107,6200,6500,1,8,1,1,0,0,4,3,1,1,4180093.05,4344459,0,0
68,78,6200,6500,1,18,2,2,0,0,9,9,0,0,4180093.05,4344459,0,0
68,58,6200,6500,1,4,1,0,1,0,2,2,0,0,4180093.05,4344459,0,0
68,60,6500,6800,1,2,0,0,0,0,2,1,1,0,4344459.00,4344459,0,0
68,36,6500,6800,1,4,1,0,1,0,3,3,0,0,4344459.00,4344459,0,0
68,20,6800,7100,1,24,3,3,0,0,6,6,0,0,4309276.97,4570853,2,7
68,18,6800,7100,1,9,0,0,0,2,0,0,0,0,4309276.97,4570853,2,7
68,16,6800,7100,1,9,0,0,0,1,6,0,0,4,4309276.97,4570853,2,7
68,20,7100,7400,1,21,0,0,0,0,1,1,0,0,4376495.00,4376495,0,0
68,35,7100,7400,1,2,1,0,1,0,0,0,0,0,4376495.00,4376495,0,0
68,35,7400,7700,1,2,1,0,1,0,0,0,0,0,4376495.00,4376495,0,0
68,29,7700,8000,1,15,0,0,0,1,0,0,0,2,4725984.18,4783066,0,3
68,88,8000,8300,1,10,3,2,1,0,2,2,0,0,4761272.12,4781073,3,1
68,27,8000,8300,1,9,0,0,0,1,0,0,0,4,4761272.12,4781073,3,1
68,113,8000,8300,1,4,1,0,1,0,1,1,0,0,4761272.12,4781073,3,1
68,27,8300,8600,0,3,0,0,0,0,0,0,0,2,4789370.89,4793233,0,0
68,33,8300,8600,1,3,1,0,1,0,1,1,0,0,4789370.89,4793233,0,0
68,35,8300,8600,1,2,0,0,0,0,3,1,1,0,4789370.89,4793233,0,0
68,120,8600,8900,1,15,0,0,0,0,0,0,0,9,4322537.74,4793233,2,9
68,61,9800,10100,1,2,0,0,0,0,2,1,1,0,4562850.00,4562850,0,0
68,85,9800,10100,1,10,0,0,0,0,3,3,0,0,4562850.00,4562850,0,0
68,77,9800,10100,1,17,1,1,0,0,9,9,0,0,4562850.00,4562850,0,0
68,115,10100,10400,1,5,0,0,0,0,3,2,1,0,4510136.87,4689891,0,7
68,63,10100,10400,1,2,0,0,0,0,1,0,1,0,4510136.87,4689891,0,7
68,111,10100,10400,1,3,0,0,0,0,3,2,1,0,4510136.87,4689891,0,7
68,51,10100,10400,1,2,0,0,0,0,1,0,1,0,4510136.87,4689891,0,7
68,55,10100,10400,1,2,0,0,0,0,1,0,1,0,4510136.87,4689891,0,7
68,80,10100,10400,1,11,0,0,0,1,0,0,0,5,4510136.87,4689891,0,7
68,34,10100,10400,2,3,0,0,0,0,2,0,2,0,4510136.87,4689891,0,7
68,78,10100,10400,1,9,1,0,1,0,6,6,0,0,4510136.87,4689891,0,7
68,67,10400,10700,1,10,0,0,0,0,1,1,0,7,4082708.64,4764890,1,3
68,38,10400,10700,1,2,0,0,0,0,5,1,1,0,4082708.64,4764890,1,3
68,111,10400,10700,1,4,1,0,1,0,3,3,0,0,4082708.64,4764890,1,3
68,58,10400,10700,1,4,0,0,0,0,9,3,1,0,4082708.64,4764890,1,3
68,38,10700,11000,1,3,0,0,0,0,1,0,1,0,4485787.61,4761061,1,15
68,87,10700,11000,1,9,0,0,0,2,0,0,0,5,4485787.61,4761061,1,15
68,40,10700,11000,2,7,2,1,1,0,0,0,0,3,4485787.61,4761061,1,15
68,16,10700,11000,1,11,0,0,0,2,0,0,0,5,4485787.61,4761061,1,15
68,63,11900,12200,1,4,0,0,0,0,0,0,0,4,4829854.05,4881537,1,2
68,123,11900,12200,1,8,2,2,0,0,2,1,1,0,4829854.05,4881537,1,2
68,112,11900,12200,1,4,1,0,1,0,1,1,0,0,4829854.05,4881537,1,2
68,38,11900,12200,2,4,2,0,2,0,2,2,0,0,4829854.05,4881537,1,2
68,47,11900,12200,2,5,1,0,1,0,4,3,1,0,4829854.05,4881537,1,2
68,79,11900,12200,1,9,1,1,0,0,6,5,1,0,4829854.05,4881537,1,2
68,54,12800,13100,2,11,2,1,1,0,6,5,1,0,4552971.00,4552971,0,0
68,5,13100,13400,1,15,3,2,1,0,18,7,0,0,4552971.00,4552971,0,0
68,111,13100,13400,1,4,1,0,1,0,5,2,0,0,4552971.00,4552971,0,0
68,46,13400,13700,1,2,0,0,0,0,0,0,0,0,4687565.55,4778043,0,0
68,42,13400,13700,1,3,1,0,1,0,4,4,0,0,4687565.55,4778043,0,0
68,47,13400,13700,1,4,1,0,1,0,3,3,0,0,4687565.55,4778043,0,0
68,108,13400,13700,1,16,3,2,1,0,9,9,0,1,4687565.55,4778043,0,0
68,97,13700,14000,1,2,0,0,0,0,0,0,0,0,4805084.12,4898719,4,16
68,75,13700,14000,1,154,0,0,0,3,10,0,0,18,4805084.12,4898719,4,16
68,101,13700,14000,1,2,0,0,0,0,0,0,0,0,4805084.12,4898719,4,16
68,114,13700,14000,1,2,0,0,0,0,0,0,0,0,4805084.12,4898719,4,16
68,96,13700,14000,1,2,0,0,0,0,2,1,1,0,4805084.12,4898719,4,16
68,110,14000,14300,1,2,0,0,0,0,2,1,1,0,4898719.00,4898719,0,0
68,82,14300,14600,1,10,0,0,0,0,10,9,1,0,4898719.00,4898719,0,0
68,36,14600,14900,1,2,1,0,1,0,4,0,0,0,4898719.00,4898719,0,0
68,44,14600,14900,1,1,0,0,0,0,4,1,1,0,4898719.00,4898719,0,0
68,111,14900,15200,1,2,0,0,0,0,2,2,0,0,4898719.00,4898719,0,0
68,36,15200,15500,1,4,1,0,1,0,5,1,0,0,4894813.84,4898719,0,1
68,111,15200,15500,1,3,0,0,0,0,2,1,1,0,4894813.84,4898719,0,1
68,13,15200,15500,1,5,1,1,0,0,2,1,0,1,4894813.84,4898719,0,1
68,61,15500,15800,1,2,0,0,0,0,3,2,1,0,4656375.00,4656375,0,0
68,43,15500,15800,1,2,0,0,0,0,3,2,1,0,4656375.00,4656375,0,0
68,45,15500,15800,1,2,0,0,0,0,2,1,1,0,4656375.00,4656375,0,0
68,48,15500,15800,1,3,0,0,0,0,3,2,1,0,4656375.00,4656375,0,0
68,13,15500,15800,0,10,1,1,0,0,7,7,1,0,4656375.00,4656375,0,0
68,61,15800,16100,1,2,1,0,1,0,1,1,0,0,4496104.86,4804707,2,17
68,49,15800,16100,1,2,0,0,0,0,0,0,0,2,4496104.86,4804707,2,17
68,53,15800,16100,1,3,0,0,0,0,0,0,0,1,4496104.86,4804707,2,17
68,11,15800,16100,1,11,0,0,0,2,0,0,0,4,4496104.86,4804707,2,17
68,51,15800,16100,2,7,0,0,0,0,2,0,1,2,4496104.86,4804707,2,17
68,47,15800,16100,1,4,0,0,0,0,0,0,0,3,4496104.86,4804707,2,17
68,50,15800,16100,1,3,0,0,0,0,0,0,0,3,4496104.86,4804707,2,17
68,48,15800,16100,1,2,0,0,0,0,8,1,0,0,4496104.86,4804707,2,17
68,86,16100,16400,1,14,0,0,0,2,0,0,0,8,4397144.79,4918871,2,25
68,110,16100,16400,1,3,0,0,0,0,4,3,1,0,4397144.79,4918871,2,25
68,49,16100,16400,1,6,0,0,0,0,0,0,0,6,4397144.79,4918871,2,25
68,57,16100,16400,2,4,1,0,1,0,4,3,1,0,4397144.79,4918871,2,25
68,56,16100,16400,1,2,0,0,0,0,6,0,0,1,4397144.79,4918871,2,25
68,53,16100,16400,1,2,0,0,0,0,4,0,0,2,4397144.79,4918871,2,25
68,119,16100,16400,1,11,0,0,0,0,0,0,0,10,4397144.79,4918871,2,25
68,56,16400,16700,1,3,0,0,0,0,3,0,0,1,4186516.51,4918871,1,3
68,47,16400,16700,2,5,0,0,0,0,11,4,2,0,4186516.51,4918871,1,3
68,114,18500,18800,1,6,0,0,0,1,5,4,1,0,3838481.00,3838481,0,0
68,85,19700,20000,1,4,0,0,0,0,4,3,0,0,3838481.00,3838481,0,0
68,85,20000,20300,0,9,1,1,0,0,6,6,1,0,3838481.00,3838481,0,0
68,65,20300,20600,1,10,0,0,0,0,10,9,1,0,3838481.00,3838481,0,0
68,67,20300,20600,1,15,1,1,0,0,24,11,1,0,3838481.00,3838481,0,0
68,118,20600,20900,1,9,0,0,0,0,6,5,1,1,4172551.40,4383388,1,0
68,32,21200,21500,1,4,0,0,0,0,7,3,1,0,4717982.64,4925487,0,0
68,37,21200,21500,1,2,0,0,0,0,2,1,1,0,4717982.64,4925487,0,0
68,112,21500,21800,1,2,0,0,0,0,3,2,1,0,4925487.00,4925487,0,0
68,97,22100,22400,1,2,0,0,0,0,1,0,1,1,4915633.60,4925487,0,1
68,31,22100,22400,1,3,0,0,0,0,4,3,1,0,4915633.60,4925487,0,1
68,46,22400,22700,1,1,0,0,0,0,2,1,1,0,4639479.00,4639479,0,0
68,45,22700,23000,1,2,0,0,0,0,3,2,1,0,4639479.00,4639479,0,0
68,56,22700,23000,1,3,0,0,0,0,3,2,1,0,4639479.00,4639479,0,0
68,112,22700,23000,1,1,0,0,0,0,2,1,1,0,4639479.00,4639479,0,0
68,101,22700,23000,1,2,0,0,0,0,3,2,1,0,4639479.00,4639479,0,0
68,100,23000,23300,1,17,2,1,1,0,11,11,0,0,4639479.00,4639479,0,0
68,22,23300,23600,1,11,1,0,1,0,7,7,0,0,4639479.00,4639479,0,0
68,33,23600,23900,1,3,1,0,1,0,2,2,0,0,4639479.00,4639479,0,0
68,59,23900,24200,1,4,0,0,0,0,9,3,1,0,4760160.08,4864144,0,3
68,55,23900,24200,1,8,1,0,1,0,7,7,0,0,4760160.08,4864144,0,3
68,39,23900,24200,1,1,0,0,0,0,2,1,1,0,4760160.08,4864144,0,3
68,38,25100,25400,1,3,0,0,0,0,2,2,0,0,4864144.00,4864144,0,0
68,97,25400,25700,1,2,0,0,0,0,0,0,0,0,4406155.35,4864144,0,2
68,96,25700,26000,1,3,0,0,0,0,0,0,0,0,4374182.00,4374182,0,0
68,97,26000,26300,1,3,0,0,0,1,1,0,1,1,4374182.00,4374182,0,0
68,74,26600,26900,1,20,3,3,0,0,7,7,0,0,4374182.00,4374182,0,0
68,113,26600,26900,1,5,2,1,1,0,0,0,0,0,4374182.00,4374182,0,0
68,47,26600,26900,1,2,0,0,0,0,2,1,1,0,4374182.00,4374182,0,0
68,36,26900,27200,2,6,1,0,1,0,2,1,1,0,4374182.00,4374182,0,0
68,52,27200,27500,1,2,0,0,0,0,2,1,1,0,4374182.00,4374182,0,0
68,110,27200,27500,1,3,1,0,1,0,1,1,0,0,4374182.00,4374182,0,0
68,43,27500,27800,1,2,1,0,1,0,0,0,0,0,4374182.00,4374182,0,0
68,10,27800,28100,1,14,0,0,0,1,0,0,0,8,4388588.37,4978490,1,7
68,61,27800,28100,1,3,0,0,0,0,3,3,0,0,4388588.37,4978490,1,7
68,56,27800,28100,1,3,0,0,0,0,3,2,1,1,4388588.37,4978490,1,7
68,50,27800,28100,1,3,0,0,0,0,0,0,0,0,4388588.37,4978490,1,7
68,59,28700,29000,2,8,2,1,1,0,4,3,1,0,4161599.00,4161599,0,0
68,37,28700,29000,2,4,1,0,1,0,5,4,1,0,4161599.00,4161599,0,0
68,43,29300,29600,1,2,1,0,1,0,0,0,0,0,4161599.00,4161599,0,0
68,83,29300,29600,1,15,2,2,0,0,5,4,1,0,4161599.00,4161599,0,0
68,43,29600,29900,1,2,1,0,1,0,0,0,0,0,4161599.00,4161599,0,0
68,71,29600,29900,1,13,2,2,0,0,6,5,0,0,4161599.00,4161599,0,0
68,12,29600,29900,1,11,0,0,0,0,0,0,0,0,4161599.00,4161599,0,0
68,79,29600,29900,1,12,2,2,0,0,5,4,1,0,4161599.00,4161599,0,0
68,57,29900,30200,1,0,0,0,0,0,0,0,0,0,4210551.02,4754714,3,13
68,113,29900,30200,1,6,2,1,1,0,1,1,0,0,4210551.02,4754714,3,13
68,51,29900,30200,1,3,1,0,1,0,1,0,0,0,4210551.02,4754714,3,13
68,72,29900,30200,1,19,0,0,0,0,0,0,0,14,4210551.02,4754714,3,13
68,71,29900,30200,0,5,1,1,0,0,3,4,0,0,4210551.02,4754714,3,13
68,12,29900,30200,0,5,1,0,1,0,0,0,0,0,4210551.02,4754714,3,13
68,18,29900,30200,1,7,0,0,0,1,0,0,0,2,4210551.02,4754714,3,13
68,106,29900,30200,1,17,0,0,0,0,0,0,0,1,4210551.02,4754714,3,13
68,87,29900,30200,1,11,0,0,0,0,0,0,0,0,4210551.02,4754714,3,13
68,28,30200,30500,1,16,0,0,0,0,0,0,0,0,4561700.09,4823400,1,11
68,51,30200,30500,1,2,0,0,0,0,0,0,0,0,4561700.09,4823400,1,11
68,18,30200,30500,0,5,0,0,0,1,0,0,0,1,4561700.09,4823400,1,11
68,83,30200,30500,1,28,2,2,0,0,249,6,0,0,4561700.09,4823400,1,11
68,25,30200,30500,1,11,0,0,0,2,0,0,0,3,4561700.09,4823400,1,11
68,8,30500,30800,1,11,1,1,0,0,0,0,0,6,3967279.55,4741616,3,5
68,46,30500,30800,2,7,0,0,0,1,1,0,1,3,3967279.55,4741616,3,5
68,113,30500,30800,1,2,0,0,0,0,1,0,1,0,3967279.55,4741616,3,5
68,42,30500,30800,1,3,0,0,0,0,4,3,1,0,3967279.55,4741616,3,5
68,25,30500,30800,0,4,0,0,0,1,0,0,0,0,3967279.55,4741616,3,5
68,86,30800,31100,1,11,1,1,0,0,6,6,0,0,4041843.87,4440945,1,0
68,53,30800,31100,1,5,0,0,0,0,27,1,0,3,4041843.87,4440945,1,0
68,42,30800,31100,1,4,1,0,1,0,1,1,0,0,4041843.87,4440945,1,0
68,111,30800,31100,1,3,0,0,0,0,6,2,1,0,4041843.87,4440945,1,0
68,117,30800,31100,1,4,0,0,0,0,2,2,0,2,4041843.87,4440945,1,0
68,52,31100,31400,2,5,0,0,0,0,2,0,2,5,4511204.76,4792781,1,6
68,111,31100,31400,1,7,0,0,0,0,18,0,0,5,4511204.76,4792781,1,6
68,79,31100,31400,1,31,1,1,0,0,15,15,0,0,4511204.76,4792781,1,6
68,53,31400,31700,1,4,0,0,0,0,10,3,1,0,4492705.27,4797133,0,7
68,111,31400,31700,1,3,0,0,0,0,7,0,0,2,4492705.27,4797133,0,7
68,35,31400,31700,1,5,0,0,0,0,0,0,0,4,4492705.27,4797133,0,7
68,44,31400,31700,1,5,0,0,0,0,4,4,0,0,4492705.27,4797133,0,7
68,117,31400,31700,1,4,0,0,0,0,3,2,1,1,4492705.27,4797133,0,7
68,73,31700,32000,1,19,0,0,0,0,0,0,0,14,4626103.74,4994849,1,42
68,104,31700,32000,1,32,0,0,0,0,0,0,0,17,4626103.74,4994849,1,42
68,101,31700,32000,2,3,0,0,0,0,0,0,0,0,4626103.74,4994849,1,42
68,100,31700,32000,1,10,0,0,0,0,0,0,0,7,4626103.74,4994849,1,42
68,98,31700,32000,1,3,0,0,0,0,0,0,0,2,4626103.74,4994849,1,42
68,120,31700,32000,1,18,0,0,0,1,3,3,0,9,4626103.74,4994849,1,42
68,63,32000,32300,1,1,0,0,0,0,3,0,0,2,4104486.96,4921608,1,41
68,31,32000,32300,1,11,0,0,0,2,0,0,0,3,4104486.96,4921608,1,41
68,112,32000,32300,2,10,0,0,0,0,0,0,0,7,4104486.96,4921608,1,41
68,101,32000,32300,1,23,0,0,0,1,21,0,0,16,4104486.96,4921608,1,41
68,99,32000,32300,1,2,0,0,0,0,0,0,0,2,4104486.96,4921608,1,41
68,100,32300,32600,1,3,1,0,1,0,1,1,0,0,4007398.00,4007398,0,0
68,101,32600,32900,1,3,1,0,1,0,0,0,0,0,3906028.69,4007398,0,1
68,100,32600,32900,1,2,1,0,1,0,1,1,0,0,3906028.69,4007398,0,1
68,98,32600,32900,1,2,1,0,1,0,13,1,0,0,3906028.69,4007398,0,1
68,112,32900,33200,1,3,0,0,0,0,0,0,0,2,4245610.61,4417657,0,0
68,60,33800,34100,1,2,0,0,0,0,3,2,1,0,4047164.00,4047164,0,0
68,18,34400,34700,1,10,1,0,1,0,9,9,0,0,4047164.00,4047164,0,0
68,38,34700,35000,1,2,5,0,0,0,4,3,1,0,4047164.00,4047164,0,0
68,62,34700,35000,1,5,1,1,0,0,2,1,1,0,4047164.00,4047164,0,0
68,44,34700,35000,1,2,0,0,0,0,3,2,1,0,4047164.00,4047164,0,0
68,59,35000,35300,1,0,0,0,0,0,1,0,1,0,4115119.90,4546800,0,2
68,60,35000,35300,1,2,0,0,0,0,0,0,0,0,4115119.90,4546800,0,2
68,36,35000,35300,1,2,1,0,1,0,0,0,0,0,4115119.90,4546800,0,2
68,114,35000,35300,2,8,0,0,0,0,0,0,0,5,4115119.90,4546800,0,2
68,51,35000,35300,1,2,1,0,1,0,0,0,0,0,4115119.90,4546800,0,2
68,48,35000,35300,1,3,1,0,1,0,0,0,0,0,4115119.90,4546800,0,2
68,38,35300,35600,1,2,4,0,0,0,0,0,0,2,4607456.50,4683932,0,3
68,114,35300,35600,1,3,0,0,0,0,7,1,0,1,4607456.50,4683932,0,3
68,35,35300,35600,1,1,1,0,1,0,0,0,0,0,4607456.50,4683932,0,3
68,63,35600,35900,1,2,1,0,1,0,0,0,0,0,4521078.73,4545921,0,1
68,35,35600,35900,1,4,1,1,0,0,2,1,1,0,4521078.73,4545921,0,1
68,74,35900,36200,1,11,1,1,0,0,8,7,1,0,4502675.66,4731907,0,0
68,97,35900,36200,1,2,0,0,0,0,0,0,0,2,4502675.66,4731907,0,0
68,53,35900,36200,1,3,0,0,0,0,3,2,1,0,4502675.66,4731907,0,0
68,40,35900,36200,1,2,1,0,1,0,2,2,0,0,4502675.66,4731907,0,0
68,35,35900,36200,1,3,1,0,1,0,1,1,0,0,4502675.66,4731907,0,0
68,32,36200,36500,1,6,0,0,0,0,7,6,1,0,4244817.77,4731907,2,1
68,46,36200,36500,1,2,0,0,0,0,0,0,0,1,4244817.77,4731907,2,1
68,107,36200,36500,1,8,0,0,0,0,0,0,0,3,4244817.77,4731907,2,1
68,101,36200,36500,2,8,0,0,0,0,11,4,1,0,4244817.77,4731907,2,1
68,53,36200,36500,1,2,0,0,0,0,2,0,0,1,4244817.77,4731907,2,1
68,116,36500,36800,1,3,0,0,0,0,4,3,1,0,4735010.25,4942760,0,14
68,113,36500,36800,1,3,0,0,0,0,2,2,0,0,4735010.25,4942760,0,14
68,78,36500,36800,1,24,0,0,0,2,0,0,0,9,4735010.25,4942760,0,14
68,88,37100,37400,1,14,0,0,0,2,0,0,0,5,4203955.00,4708845,3,12
68,80,37100,37400,1,9,0,0,0,1,0,0,0,5,4203955.00,4708845,3,12
68,58,37100,37400,2,5,1,0,1,0,5,4,1,0,4203955.00,4708845,3,12
68,28,37400,37700,1,7,2,1,1,0,3,3,0,0,4708845.00,4708845,0,0
68,38,37700,38000,1,2,0,0,0,0,2,1,1,0,4708845.00,4708845,0,0
68,62,37700,38000,1,4,1,0,1,0,1,1,0,0,4708845.00,4708845,0,0
68,96,37700,38000,1,3,1,0,1,0,0,0,0,0,4708845.00,4708845,0,0
68,42,38000,38300,1,3,0,0,0,0,3,2,1,0,4708845.00,4708845,0,0
68,50,38000,38300,1,2,0,0,0,0,3,2,1,0,4708845.00,4708845,0,0
68,34,38000,38300,1,1,0,0,0,0,1,0,1,0,4708845.00,4708845,0,0
68,36,38300,38600,1,3,0,0,0,0,2,1,1,0,4708845.00,4708845,0,0
68,65,38600,38900,1,8,0,0,0,0,0,0,0,8,4697415.06,4772596,1,6
68,46,38600,38900,1,1,0,0,0,0,1,0,1,0,4697415.06,4772596,1,6
68,102,38600,38900,1,6,0,0,0,0,0,0,0,3,4697415.06,4772596,1,6
68,41,38900,39200,1,3,0,0,0,0,3,2,1,0,4572359.23,4772596,0,1
68,112,38900,39200,1,2,0,0,0,0,2,1,1,0,4572359.23,4772596,0,1
68,41,39200,39500,1,3,0,0,0,0,3,2,1,0,4520319.00,4520319,0,0
68,112,39200,39500,1,8,1,0,1,0,7,7,0,0,4520319.00,4520319,0,0
68,29,39500,39800,1,23,0,0,0,2,0,0,0,11,4541571.77,4898716,3,26
68,56,39500,39800,1,4,0,0,0,0,4,3,1,0,4541571.77,4898716,3,26
68,48,39500,39800,1,2,0,0,0,0,20,0,0,0,4541571.77,4898716,3,26
68,23,39500,39800,1,26,0,0,0,1,0,0,0,14,4541571.77,4898716,3,26
68,45,39800,40100,1,1,0,0,0,0,2,1,1,0,4898716.00,4898716,0,0
68,38,39800,40100,1,3,0,0,0,0,3,2,1,0,4898716.00,4898716,0,0
68,53,39800,40100,1,2,0,0,0,0,3,2,1,0,4898716.00,4898716,0,0
68,61,40100,40400,1,1,0,0,0,0,3,0,0,1,4645438.28,4898716,0,3
68,47,40100,40400,1,2,0,0,0,0,2,1,1,0,4645438.28,4898716,0,3
68,1,40400,40700,1,10,1,1,0,0,6,6,0,0,4578104.39,4843094,2,4
68,115,40400,40700,1,4,0,0,0,0,0,0,0,0,4578104.39,4843094,2,4
68,109,40400,40700,1,12,0,0,0,0,0,0,0,10,4578104.39,4843094,2,4
68,51,40400,40700,1,2,0,0,0,0,2,1,1,0,4578104.39,4843094,2,4
68,50,40400,40700,1,8,0,0,0,0,3,2,1,0,4578104.39,4843094,2,4
68,74,40700,41000,1,27,0,0,0,0,15,15,0,0,4628502.05,4739638,0,1
68,54,40700,41000,1,4,0,0,0,0,1,1,0,2,4628502.05,4739638,0,1
68,96,40700,41000,1,2,0,0,0,0,2,1,1,0,4628502.05,4739638,0,1
68,32,41000,41300,1,7,0,0,0,0,7,6,1,0,4605287.00,4605287,0,0
68,41,41000,41300,2,4,0,0,0,0,5,3,2,0,4605287.00,4605287,0,0
68,33,41000,41300,1,3,0,0,0,0,3,2,1,0,4605287.00,4605287,0,0
68,47,41000,41300,1,1,0,0,0,0,1,1,0,0,4605287.00,4605287,0,0
68,97,41300,41600,1,2,0,0,0,0,0,0,0,0,4603338.08,4952663,0,18
68,49,41300,41600,1,6,0,0,0,0,4,3,1,2,4603338.08,4952663,0,18
68,77,41300,41600,1,172,0,0,0,2,6,0,0,14,4603338.08,4952663,0,18
68,39,41300,41600,1,3,0,0,0,0,4,3,1,0,4603338.08,4952663,0,18
68,32,41600,41900,1,2,0,0,0,0,3,2,1,0,4587916.09,4983983,2,17
68,92,41600,41900,1,34,0,0,0,3,0,0,0,11,4587916.09,4983983,2,17
68,36,41600,41900,1,2,1,1,0,0,4,0,1,0,4587916.09,4983983,2,17
68,113,41600,41900,1,2,2,0,0,0,0,0,0,1,4587916.09,4983983,2,17
68,96,41600,41900,1,2,1,0,1,0,3,3,0,0,4587916.09,4983983,2,17
68,41,41900,42200,1,7,0,0,0,0,0,0,0,7,4384229.40,4751690,1,4
68,57,41900,42200,1,3,0,0,0,0,3,2,1,1,4384229.40,4751690,1,4
68,34,41900,42200,1,1,0,0,0,0,3,2,1,0,4384229.40,4751690,1,4
68,92,42200,42500,1,5,0,0,0,0,0,0,0,4,4309452.23,4821754,2,24
68,54,42200,42500,1,3,0,0,0,0,9,0,0,2,4309452.23,4821754,2,24
68,96,42200,42500,1,15,0,0,0,1,0,0,0,11,4309452.23,4821754,2,24
68,108,42200,42500,1,11,0,0,0,0,3,3,0,5,4309452.23,4821754,2,24
68,114,42800,43100,2,4,0,0,0,0,4,2,2,0,4887293.00,4887293,0,0
68,35,42800,43100,1,4,1,0,1,0,2,2,0,0,4887293.00,4887293,0,0
68,45,200,500,1,79,0,0,0,0,0,0,0,0,19522.70,282184,0,0
68,62,200,500,1,22,0,0,0,0,0,0,0,1,19522.70,282184,0,0
68,38,200,500,1,29,0,0,0,0,0,0,0,0,19522.70,282184,0,0
68,111,200,500,1,26,0,0,0,0,0,0,0,0,19522.70,282184,0,0
68,72,200,500,1,91,0,0,0,0,0,0,0,0,19522.70,282184,0,0
68,47,200,500,1,120,0,0,0,0,0,0,0,0,19522.70,282184,0,0
68,40,500,800,1,51,0,0,0,0,1,1,0,0,1324290.98,2577350,0,0
68,93,500,800,1,141,0,0,0,0,0,0,0,3,1324290.98,2577350,0,0
68,62,500,800,0,19,0,0,0,0,0,0,0,0,1324290.98,2577350,0,0
68,111,500,800,1,35,0,0,0,0,1,1,0,5,1324290.98,2577350,0,0
68,47,500,800,0,37,0,0,0,0,0,0,0,0,1324290.98,2577350,0,0
68,114,500,800,1,15,0,0,0,0,0,0,0,0,1324290.98,2577350,0,0
68,110,800,1100,1,1,0,0,0,0,1,0,0,0,3829303.80,4900181,0,9
68,44,800,1100,1,3,0,0,0,0,3,2,1,0,3829303.80,4900181,0,9
68,2,800,1100,1,30,0,0,0,0,0,0,0,15,3829303.80,4900181,0,9
68,38,800,1100,1,12,0,0,0,0,6,5,1,0,3829303.80,4900181,0,9
68,52,800,1100,1,1,0,0,0,0,2,1,1,0,3829303.80,4900181,0,9
68,110,1100,1400,0,22,0,0,0,0,16,17,0,0,4900181.00,4900181,0,0
68,121,1100,1400,1,146,0,0,0,0,2241,35,0,0,4900181.00,4900181,0,0
68,111,1100,1400,1,3,0,0,0,0,4,1,0,0,4900181.00,4900181,0,0
68,48,1100,1400,1,15,0,0,0,0,9,9,0,0,4900181.00,4900181,0,0
68,3,1400,1700,1,192,0,0,0,0,12,12,0,0,4900181.00,4900181,0,0
68,60,1400,1700,1,6,0,0,0,0,6,5,1,0,4900181.00,4900181,0,0
68,111,1400,1700,0,21,0,0,0,0,75,10,0,0,4900181.00,4900181,0,0
68,116,1400,1700,1,6,0,0,0,0,3,2,1,0,4900181.00,4900181,0,0
68,48,1400,1700,0,13,0,0,0,0,1,0,1,0,4900181.00,4900181,0,0
68,40,1700,2000,1,52,0,0,0,0,15,15,0,0,4900181.00,4900181,0,0
68,61,1700,2000,1,61,0,0,0,0,21,20,1,0,4900181.00,4900181,0,0
68,42,1700,2000,1,7,0,0,0,0,5,4,1,0,4900181.00,4900181,0,0
68,110,2000,2300,1,14,0,0,0,0,10,9,1,1,4611316.52,4900181,0,1
68,97,2300,2600,1,17,0,0,0,0,3,2,1,0,4790825.81,4830676,0,4
68,100,2300,2600,1,36,0,0,0,0,7,7,0,0,4790825.81,4830676,0,4
68,58,2300,2600,2,54,3,2,1,0,21,20,1,0,4790825.81,4830676,0,4
68,27,2300,2600,1,144,320,0,0,0,682,42,0,0,4790825.81,4830676,0,4
68,20,2300,2600,1,21,1,1,0,0,2,2,0,0,4790825.81,4830676,0,4
68,78,2300,2600,1,246,1,1,0,1,20,20,0,2,4790825.81,4830676,0,4
68,52,2300,2600,1,29,1,0,1,0,3,3,0,0,4790825.81,4830676,0,4
68,85,2300,2600,1,104,1,1,0,0,24,24,0,0,4790825.81,4830676,0,4
68,101,2600,2900,1,41,1,1,0,0,5,5,0,0,4754028.70,4980324,1,18
68,100,2600,2900,1,36,0,0,0,0,4,4,0,0,4754028.70,4980324,1,18
68,20,2600,2900,0,300,0,0,0,1,2,2,0,19,4754028.70,4980324,1,18
68,85,2600,2900,0,72,0,0,0,0,0,0,0,0,4754028.70,4980324,1,18
68,99,2600,2900,1,43,0,0,0,0,11,11,0,2,4754028.70,4980324,1,18
68,13,2600,2900,1,80,0,0,0,0,19,18,0,1,4754028.70,4980324,1,18
68,40,2900,3200,1,79,0,0,0,0,100,18,0,14,4787741.21,4976249,1,18
68,56,2900,3200,1,12,0,0,0,0,0,0,0,0,4787741.21,4976249,1,18
68,33,2900,3200,1,21,0,0,0,0,5,5,0,0,4787741.21,4976249,1,18
68,99,2900,3200,0,13,0,0,0,0,0,0,0,0,4787741.21,4976249,1,18
68,13,2900,3200,0,300,0,0,0,0,16,17,0,0,4787741.21,4976249,1,18
68,26,2900,3200,1,127,1,1,0,0,19,18,1,0,4787741.21,4976249,1,18
68,101,2900,3200,1,30,0,0,0,0,2,2,0,0,4787741.21,4976249,1,18
68,107,2900,3200,1,46,0,0,0,0,19,18,1,1,4787741.21,4976249,1,18
68,100,2900,3200,1,27,0,0,0,0,7,6,0,4,4787741.21,4976249,1,18
68,20,2900,3200,0,194,0,0,0,0,12,12,0,2,4787741.21,4976249,1,18
68,96,2900,3200,1,3,0,0,0,0,0,0,0,0,4787741.21,4976249,1,18
68,82,2900,3200,1,127,2,2,0,0,24,24,0,1,4787741.21,4976249,1,18
68,98,2900,3200,1,23,1,1,0,0,7,7,0,0,4787741.21,4976249,1,18
68,113,2900,3200,1,6,0,0,0,0,3,0,0,0,4787741.21,4976249,1,18
68,4,3200,3500,1,243,1,1,0,2,756,17,0,42,4713885.22,4955179,2,120
68,34,3200,3500,1,50,0,0,0,0,216,0,0,0,4713885.22,4955179,2,120
68,62,3200,3500,1,36,0,0,0,0,0,0,0,0,4713885.22,4955179,2,120
68,99,3200,3500,1,47,0,0,0,0,12,12,0,4,4713885.22,4955179,2,120
68,13,3200,3500,0,219,0,0,0,1,122,22,0,8,4713885.22,4955179,2,120
68,100,3200,3500,0,21,0,0,0,0,3,4,0,0,4713885.22,4955179,2,120
68,101,3200,3500,1,34,1,1,0,0,1,1,0,0,4713885.22,4955179,2,120
68,88,3200,3500,1,134,83,0,0,0,221,0,1,22,4713885.22,4955179,2,120
68,67,3200,3500,1,142,0,0,0,0,0,0,0,43,4713885.22,4955179,2,120
68,4,3500,3800,0,170,0,0,0,3,1,1,0,45,4577686.74,4973548,10,139
68,54,3500,3800,1,23,0,0,0,0,0,0,0,0,4577686.74,4973548,10,139
68,86,3500,3800,1,54,0,0,0,1,0,0,0,20,4577686.74,4973548,10,139
68,61,3500,3800,1,46,0,0,0,0,3,3,0,0,4577686.74,4973548,10,139
68,71,3500,3800,1,54,0,0,0,0,0,0,0,2,4577686.74,4973548,10,139
68,50,3500,3800,2,34,0,0,0,0,0,0,0,0,4577686.74,4973548,10,139
68,100,3500,3800,1,4,0,0,0,0,35,0,0,3,4577686.74,4973548,10,139
68,45,3500,3800,2,57,2,2,0,0,23,22,1,0,4577686.74,4973548,10,139
68,72,3500,3800,1,259,1,1,0,3,6,6,0,20,4577686.74,4973548,10,139
68,73,3500,3800,1,123,0,0,0,3,14,0,0,49,4577686.74,4973548,10,139
68,14,3800,4100,1,122,0,0,0,0,0,0,0,0,4733737.94,4962846,2,86
68,86,3800,4100,0,94,0,0,0,1,0,0,0,16,4733737.94,4962846,2,86
68,59,3800,4100,1,29,0,0,0,0,16,16,0,0,4733737.94,4962846,2,86
68,102,3800,4100,1,143,0,0,0,0,2,0,0,70,4733737.94,4962846,2,86
68,59,4100,4400,0,32,0,0,0,0,0,0,0,0,4786778.20,4910112,2,27
68,104,4100,4400,1,31,0,0,0,1,0,0,0,15,4786778.20,4910112,2,27
68,17,4100,4400,1,100,0,0,0,2,0,0,0,11,4786778.20,4910112,2,27
68,49,4400,4700,1,22,1,1,0,0,12,12,0,0,4463855.40,4999040,1,19
68,104,4400,4700,0,79,0,0,0,1,0,0,0,16,4463855.40,4999040,1,19
68,116,4400,4700,1,19,0,0,0,0,5,4,1,0,4463855.40,4999040,1,19
68,113,4400,4700,1,21,1,0,1,0,10,10,0,0,4463855.40,4999040,1,19
68,65,4700,5000,1,108,0,0,0,2,0,0,0,13,4566537.17,4880247,1,12
68,57,4700,5000,2,37,1,1,0,0,10,10,0,0,4566537.17,4880247,1,12
68,41,4700,5000,2,77,1,1,0,0,12,12,0,1,4566537.17,4880247,1,12
68,53,4700,5000,1,67,0,0,0,0,1,1,0,0,4566537.17,4880247,1,12
68,53,5000,5300,0,103,0,0,0,0,0,0,0,0,4880247.00,4880247,0,0
68,91,5600,5900,1,93,2,2,0,0,14,14,0,0,4880247.00,4880247,0,0
68,91,5900,6200,0,5,0,0,0,0,0,0,0,0,4880247.00,4880247,0,0
68,36,5900,6200,1,51,2,2,0,0,14,14,0,0,4880247.00,4880247,0,0
68,58,5900,6200,2,35,3,3,0,0,18,17,0,0,4880247.00,4880247,0,0
68,78,5900,6200,1,97,2,2,0,0,13,13,0,0,4880247.00,4880247,0,0
68,81,6200,6500,1,97,4,4,0,0,27,27,0,0,4869420.38,4952284,1,7
68,107,6200,6500,1,82,8,7,1,0,42,42,0,0,4869420.38,4952284,1,7
68,45,6200,6500,1,38,2,2,0,0,14,14,0,0,4869420.38,4952284,1,7
68,58,6200,6500,0,36,1,1,0,0,10,11,0,0,4869420.38,4952284,1,7
68,78,6200,6500,0,131,0,0,0,0,0,0,0,0,4869420.38,4952284,1,7
68,89,6200,6500,1,108,2,2,0,1,0,0,0,3,4869420.38,4952284,1,7
68,92,6500,6800,1,226,1,1,0,0,8,8,0,21,4602355.32,4859012,4,22
68,95,6500,6800,1,112,1,1,0,1,1,1,0,3,4602355.32,4859012,4,22
68,42,6500,6800,2,37,2,1,1,0,141,8,0,0,4602355.32,4859012,4,22
68,36,6500,6800,1,43,2,2,0,0,13,13,0,0,4602355.32,4859012,4,22
68,60,6500,6800,1,23,3,3,0,0,9,9,0,0,4602355.32,4859012,4,22
68,89,6500,6800,0,6,0,0,0,2,0,0,0,1,4602355.32,4859012,4,22
68,92,6800,7100,1,68,0,0,0,0,0,0,0,0,4916081.99,4990968,1,13
68,59,6800,7100,1,12,0,0,0,0,115,0,1,0,4916081.99,4990968,1,13
68,61,6800,7100,1,42,1,1,0,0,14,14,0,0,4916081.99,4990968,1,13
68,16,6800,7100,1,85,0,0,0,0,0,0,0,0,4916081.99,4990968,1,13
68,114,6800,7100,1,12,0,0,0,0,0,0,0,0,4916081.99,4990968,1,13
68,18,6800,7100,1,107,0,0,0,1,0,0,0,14,4916081.99,4990968,1,13
68,20,6800,7100,1,155,1,1,0,0,14,14,0,0,4916081.99,4990968,1,13
68,61,7100,7400,0,17,0,0,0,0,0,0,0,1,4216552.36,4990968,1,1
68,117,7100,7400,1,26,0,0,0,0,0,0,0,0,4216552.36,4990968,1,1
68,35,7100,7400,1,78,0,0,0,0,35,34,0,1,4216552.36,4990968,1,1
68,114,7100,7400,1,59,0,0,0,0,14,14,0,0,4216552.36,4990968,1,1
68,57,7100,7400,1,25,0,0,0,0,16,15,1,0,4216552.36,4990968,1,1
68,108,7100,7400,1,21,0,0,0,0,0,0,0,0,4216552.36,4990968,1,1
68,20,7100,7400,0,300,0,0,0,0,13,13,0,0,4216552.36,4990968,1,1
68,39,7100,7400,1,47,0,0,0,0,8,8,0,0,4216552.36,4990968,1,1
68,46,7400,7700,1,8,0,0,0,0,5,4,1,1,4262070.57,4990968,0,14
68,34,7400,7700,1,19,0,0,0,0,11,11,0,0,4262070.57,4990968,0,14
68,117,7400,7700,1,35,0,0,0,0,18,17,1,1,4262070.57,4990968,0,14
68,35,7400,7700,1,26,0,0,0,0,5,5,1,0,4262070.57,4990968,0,14
68,29,7400,7700,1,38,0,0,0,1,0,0,0,14,4262070.57,4990968,0,14
68,108,7400,7700,0,67,0,0,0,0,14,14,0,0,4262070.57,4990968,0,14
68,44,7400,7700,2,20,0,0,0,0,8,7,1,0,4262070.57,4990968,0,14
68,20,7400,7700,0,24,0,0,0,0,0,0,0,0,4262070.57,4990968,0,14
68,69,7700,8000,1,67,0,0,0,0,1059,0,0,0,4976350.59,4990968,1,0
68,29,7700,8000,0,300,0,0,0,1,0,0,0,0,4976350.59,4990968,1,0
68,110,7700,8000,1,40,0,0,0,0,0,0,0,0,4976350.59,4990968,1,0
68,18,7700,8000,1,66,1,1,0,0,7,7,0,0,4976350.59,4990968,1,0
68,43,7700,8000,1,7,0,0,0,0,1,1,0,0,4976350.59,4990968,1,0
68,38,7700,8000,1,16,0,0,0,0,1,1,0,0,4976350.59,4990968,1,0
68,87,8000,8300,1,80,0,0,0,0,1,1,0,0,4826719.80,4990968,2,49
68,69,8000,8300,0,60,0,0,0,0,1315,0,0,0,4826719.80,4990968,2,49
68,27,8000,8300,1,77,0,0,0,0,7,7,0,28,4826719.80,4990968,2,49
68,29,8000,8300,0,163,0,0,0,1,2,2,0,19,4826719.80,4990968,2,49
68,21,8000,8300,1,58,0,0,0,0,212,0,0,4,4826719.80,4990968,2,49
68,88,8000,8300,1,102,0,0,0,0,1,1,0,0,4826719.80,4990968,2,49
68,113,8000,8300,1,38,0,0,0,0,15,15,0,0,4826719.80,4990968,2,49
68,115,8300,8600,1,23,0,0,0,0,18,18,0,1,4664904.69,4894983,0,71
68,87,8300,8600,0,300,0,0,0,0,16,16,0,32,4664904.69,4894983,0,71
68,27,8300,8600,0,58,0,0,0,0,0,0,0,14,4664904.69,4894983,0,71
68,33,8300,8600,2,25,0,0,0,0,0,0,0,2,4664904.69,4894983,0,71
68,35,8300,8600,1,16,0,0,0,0,11,11,0,0,4664904.69,4894983,0,71
68,120,8300,8600,1,39,0,0,0,0,0,0,0,19,4664904.69,4894983,0,71
68,21,8300,8600,0,105,0,0,0,0,329,0,0,0,4664904.69,4894983,0,71
68,58,8300,8600,1,20,0,0,0,0,1,1,0,0,4664904.69,4894983,0,71
68,113,8300,8600,1,41,0,0,0,0,35,34,1,0,4664904.69,4894983,0,71
68,4,8600,8900,1,39,0,0,0,0,0,0,0,11,4681371.53,4968700,0,45
68,87,8600,8900,0,41,0,0,0,0,0,0,0,19,4681371.53,4968700,0,45
68,33,8600,8900,0,16,0,0,0,0,0,0,0,0,4681371.53,4968700,0,45
68,120,8600,8900,0,108,0,0,0,0,0,0,0,16,4681371.53,4968700,0,45
68,63,8600,8900,1,3,0,0,0,0,3,2,0,0,4681371.53,4968700,0,45
68,12,8900,9200,1,150,0,0,0,0,12,12,0,0,4750752.00,4750752,0,0
68,62,8900,9200,2,80,0,0,0,0,942,13,0,0,4750752.00,4750752,0,0
68,36,8900,9200,1,21,0,0,0,0,3,2,1,0,4750752.00,4750752,0,0
68,63,8900,9200,0,15,0,0,0,0,8,8,1,0,4750752.00,4750752,0,0
68,39,8900,9200,1,19,0,0,0,0,2,1,1,0,4750752.00,4750752,0,0
68,12,9200,9500,0,12,0,0,0,0,0,0,0,0,4752316.56,4760811,0,2
68,62,9200,9500,1,26,0,0,0,0,31,12,0,0,4752316.56,4760811,0,2
68,111,9200,9500,1,22,0,0,0,0,102,5,1,2,4752316.56,4760811,0,2
68,112,9200,9500,1,20,0,0,0,0,6,6,0,1,4752316.56,4760811,0,2
68,87,9500,9800,1,161,1,1,0,0,11,11,0,0,4801671.73,4832775,0,5
68,61,9500,9800,1,36,1,1,0,0,10,10,0,0,4801671.73,4832775,0,5
68,77,9500,9800,1,177,1,1,0,0,10,10,0,0,4801671.73,4832775,0,5
68,101,9500,9800,1,39,253,0,0,0,253,0,0,0,4801671.73,4832775,0,5
68,100,9500,9800,1,9,0,0,0,0,0,0,0,3,4801671.73,4832775,0,5
68,53,9500,9800,1,13,0,0,0,0,0,0,0,0,4801671.73,4832775,0,5
68,61,9800,10100,1,26,1,1,0,0,11,11,0,0,4757453.00,4757453,0,0
68,85,9800,10100,1,141,0,0,0,0,7,7,0,0,4757453.00,4757453,0,0
68,77,9800,10100,0,300,1,1,0,0,19,19,0,0,4757453.00,4757453,0,0
68,100,9800,10100,0,25,1,1,0,0,4,3,1,0,4757453.00,4757453,0,0
68,115,10100,10400,1,64,2,2,0,0,10,10,0,0,4726600.05,4933177,2,17
68,80,10100,10400,1,108,0,0,0,1,23,2,0,8,4726600.05,4933177,2,17
68,55,10100,10400,1,17,2,1,1,0,7,7,0,1,4726600.05,4933177,2,17
68,34,10100,10400,2,39,0,0,0,0,6,6,0,0,4726600.05,4933177,2,17
68,51,10100,10400,1,16,2,1,1,0,3,3,0,0,4726600.05,4933177,2,17
68,77,10100,10400,1,83,2,2,0,0,13,13,0,0,4726600.05,4933177,2,17
68,101,10100,10400,1,10,109,0,0,0,218,0,0,1,4726600.05,4933177,2,17
68,63,10100,10400,1,20,1,1,0,0,2,2,0,0,4726600.05,4933177,2,17
68,111,10100,10400,1,38,2,2,0,0,205,3,0,0,4726600.05,4933177,2,17
68,78,10100,10400,1,95,0,0,0,2,1,1,0,10,4726600.05,4933177,2,17
68,112,10100,10400,1,26,2,2,0,0,13,13,0,0,4726600.05,4933177,2,17
68,87,10400,10700,1,17,0,0,0,0,0,0,0,0,4792589.11,4950377,2,16
68,61,10400,10700,1,45,0,0,0,1,0,0,0,15,4792589.11,4950377,2,16
68,58,10400,10700,1,49,3,2,1,0,12,12,0,0,4792589.11,4950377,2,16
68,111,10400,10700,1,45,3,3,0,0,16,16,0,0,4792589.11,4950377,2,16
68,38,10400,10700,1,19,0,0,0,0,5,5,0,0,4792589.11,4950377,2,16
68,67,10400,10700,1,104,0,0,0,1,0,0,0,0,4792589.11,4950377,2,16
68,40,10700,11000,2,68,0,0,0,0,764,0,0,0,4620563.40,4962897,9,77
68,87,10700,11000,0,68,0,0,0,1,0,0,0,15,4620563.40,4962897,9,77
68,16,10700,11000,1,98,0,0,0,4,0,0,0,20,4620563.40,4962897,9,77
68,29,10700,11000,1,120,158,0,0,3,0,0,0,43,4620563.40,4962897,9,77
68,58,10700,11000,1,3,0,0,0,0,1,0,1,2,4620563.40,4962897,9,77
68,38,10700,11000,1,32,0,0,0,0,63,0,0,0,4620563.40,4962897,9,77
68,2,11000,11300,1,49,0,0,0,1,0,0,0,15,4662946.31,4979536,1,14
68,92,11900,12200,1,237,1,1,0,1,4,4,0,13,4695116.27,4962150,2,11
68,47,11900,12200,1,36,1,1,0,0,3,3,0,0,4695116.27,4962150,2,11
68,79,11900,12200,1,59,2,2,0,0,26,25,0,0,4695116.27,4962150,2,11
68,93,11900,12200,1,93,1,1,0,0,59,13,0,0,4695116.27,4962150,2,11
68,123,11900,12200,1,92,1,1,0,0,21,21,0,0,4695116.27,4962150,2,11
68,38,11900,12200,2,45,2,2,0,0,68,10,0,0,4695116.27,4962150,2,11
68,63,11900,12200,1,39,0,0,0,0,15,14,1,1,4695116.27,4962150,2,11
68,112,11900,12200,1,54,0,0,0,0,0,0,0,0,4695116.27,4962150,2,11
68,92,12200,12500,0,81,0,0,0,0,10,10,0,0,4962150.00,4962150,0,0
68,79,12200,12500,0,38,0,0,0,0,0,1,0,0,4962150.00,4962150,0,0
68,21,12200,12500,1,49,1,1,0,0,5,5,0,0,4962150.00,4962150,0,0
68,58,12200,12500,1,33,1,1,0,0,13,13,0,0,4962150.00,4962150,0,0
68,112,12200,12500,1,22,0,0,0,0,2,1,1,0,4962150.00,4962150,0,0
68,54,12800,13100,2,102,1,1,0,0,14,14,0,0,4947243.16,4962150,0,1
68,5,12800,13100,1,27,1,1,0,0,6,5,0,1,4947243.16,4962150,0,1
68,47,13100,13400,1,12,1,0,1,0,7,7,0,0,4576552.00,4576552,0,0
68,42,13100,13400,1,5,0,0,0,0,4,3,0,0,4576552.00,4576552,0,0
68,45,13100,13400,1,31,1,1,0,0,13,13,0,0,4576552.00,4576552,0,0
68,5,13100,13400,0,142,1,1,0,0,18,19,0,0,4576552.00,4576552,0,0
68,44,13100,13400,1,22,0,0,0,0,1,0,1,0,4576552.00,4576552,0,0
68,18,13100,13400,1,102,1,1,0,0,13,13,0,0,4576552.00,4576552,0,0
68,111,13100,13400,1,43,1,1,0,0,12,12,0,0,4576552.00,4576552,0,0
68,46,13400,13700,1,26,0,0,0,0,169,0,0,0,4679490.17,4975277,1,39
68,47,13400,13700,2,39,0,0,0,0,14,13,1,1,4679490.17,4975277,1,39
68,42,13400,13700,0,36,1,1,0,0,9,10,0,0,4679490.17,4975277,1,39
68,45,13400,13700,0,9,0,0,0,0,0,0,0,0,4679490.17,4975277,1,39
68,100,13400,13700,1,1,0,0,0,0,0,0,0,0,4679490.17,4975277,1,39
68,108,13400,13700,1,164,0,0,0,0,7,7,0,25,4679490.17,4975277,1,39
68,104,13400,13700,1,161,0,0,0,0,61,61,0,0,4679490.17,4975277,1,39
68,75,13400,13700,1,151,0,0,0,1,21,21,0,15,4679490.17,4975277,1,39
68,2,13400,13700,1,12,0,0,0,0,0,0,0,0,4679490.17,4975277,1,39
68,119,13400,13700,1,15,0,0,0,0,0,0,0,0,4679490.17,4975277,1,39
68,114,13700,14000,1,17,0,0,0,0,7,6,1,0,4739150.60,4993020,2,61
68,100,13700,14000,0,30,0,0,0,0,0,0,0,6,4739150.60,4993020,2,61
68,97,13700,14000,1,43,0,0,0,0,230,5,0,0,4739150.60,4993020,2,61
68,101,13700,14000,1,40,0,0,0,0,8,8,0,6,4739150.60,4993020,2,61
68,2,13700,14000,0,115,0,0,0,0,6,6,0,36,4739150.60,4993020,2,61
68,75,13700,14000,0,300,0,0,0,1,30,30,0,16,4739150.60,4993020,2,61
68,96,13700,14000,1,54,0,0,0,1,12,12,0,0,4739150.60,4993020,2,61
68,119,13700,14000,1,1,0,0,0,0,0,0,0,0,4739150.60,4993020,2,61
68,98,13700,14000,1,19,0,0,0,0,7,6,1,0,4739150.60,4993020,2,61
68,9,14000,14300,1,131,0,0,0,0,0,0,0,0,4993020.00,4993020,0,0
68,110,14000,14300,1,24,0,0,0,0,17,16,1,0,4993020.00,4993020,0,0
68,75,14000,14300,0,300,0,0,0,0,0,0,0,0,4993020.00,4993020,0,0
68,37,14000,14300,1,26,0,0,0,0,86,14,0,0,4993020.00,4993020,0,0
68,28,14300,14600,1,24,0,0,0,0,10,10,0,0,4885803.14,4993020,3,21
68,35,14300,14600,1,16,0,0,0,0,3,3,0,0,4885803.14,4993020,3,21
68,75,14300,14600,0,300,0,0,0,0,0,0,0,14,4885803.14,4993020,3,21
68,39,14300,14600,2,65,0,0,0,0,0,0,0,0,4885803.14,4993020,3,21
68,82,14300,14600,1,102,0,0,0,3,4,4,0,7,4885803.14,4993020,3,21
68,46,14600,14900,1,5,0,0,0,0,0,0,0,0,4863832.53,4993020,3,33
68,92,14600,14900,1,88,0,0,0,1,0,0,0,24,4863832.53,4993020,3,33
68,28,14600,14900,0,114,0,0,0,0,0,0,0,0,4863832.53,4993020,3,33
68,42,14600,14900,1,18,0,0,0,0,0,0,0,0,4863832.53,4993020,3,33
68,44,14600,14900,1,15,0,0,0,0,0,0,0,0,4863832.53,4993020,3,33
68,36,14600,14900,1,18,0,0,0,0,9,8,1,0,4863832.53,4993020,3,33
68,75,14600,14900,0,80,0,0,0,0,1,1,0,0,4863832.53,4993020,3,33
68,63,14600,14900,1,15,0,0,0,0,3,2,1,0,4863832.53,4993020,3,33
68,111,14600,14900,1,8,0,0,0,0,0,0,0,0,4863832.53,4993020,3,33
68,52,14600,14900,1,36,0,0,0,3,0,0,0,10,4863832.53,4993020,3,33
68,92,14900,15200,0,83,0,0,0,1,0,0,0,14,4806413.96,4972693,2,15
68,111,14900,15200,1,22,0,0,0,0,9,8,1,0,4806413.96,4972693,2,15
68,52,14900,15200,0,17,0,0,0,1,0,0,0,0,4806413.96,4972693,2,15
68,13,15200,15500,1,68,1,1,0,0,14,14,0,0,4845678.00,4845678,0,0
68,36,15200,15500,1,39,0,0,0,0,7,6,1,0,4845678.00,4845678,0,0
68,111,15200,15500,1,34,1,1,0,0,23,23,0,0,4845678.00,4845678,0,0
68,61,15500,15800,1,22,1,1,0,0,8,8,0,0,4845678.00,4845678,0,0
68,66,15500,15800,2,75,1,1,0,0,14,14,0,0,4845678.00,4845678,0,0
68,48,15500,15800,1,39,1,1,0,0,231,13,0,0,4845678.00,4845678,0,0
68,13,15500,15800,0,73,0,0,0,0,0,0,0,0,4845678.00,4845678,0,0
68,45,15500,15800,1,20,0,0,0,0,0,0,0,0,4845678.00,4845678,0,0
68,43,15500,15800,1,27,1,1,0,0,9,9,0,0,4845678.00,4845678,0,0
68,8,15800,16100,1,117,0,0,0,1,7,7,0,14,4714419.80,4962078,3,52
68,51,15800,16100,2,80,1,1,0,0,652,12,0,0,4714419.80,4962078,3,52
68,61,15800,16100,1,18,0,0,0,0,0,0,0,0,4714419.80,4962078,3,52
68,49,15800,16100,1,24,1,1,0,0,15,14,1,0,4714419.80,4962078,3,52
68,47,15800,16100,1,36,1,1,0,0,13,13,0,0,4714419.80,4962078,3,52
68,48,15800,16100,1,22,0,0,0,0,0,0,0,0,4714419.80,4962078,3,52
68,50,15800,16100,1,28,0,0,0,0,0,0,0,0,4714419.80,4962078,3,52
68,11,15800,16100,1,72,0,0,0,2,0,0,0,11,4714419.80,4962078,3,52
68,84,15800,16100,1,46,0,0,0,0,0,0,0,15,4714419.80,4962078,3,52
68,53,15800,16100,1,39,1,1,0,1,14,14,0,9,4714419.80,4962078,3,52
68,8,16100,16400,0,121,0,0,0,0,6,6,0,0,4725948.66,4964641,4,55
68,56,16100,16400,1,18,0,0,0,0,0,0,0,0,4725948.66,4964641,4,55
68,86,16100,16400,1,158,0,0,0,1,0,0,0,18,4725948.66,4964641,4,55
68,49,16100,16400,1,59,2,2,0,0,9,9,0,1,4725948.66,4964641,4,55
68,57,16100,16400,2,48,1,1,0,0,17,17,0,0,4725948.66,4964641,4,55
68,110,16100,16400,2,49,2,1,1,0,74,19,0,0,4725948.66,4964641,4,55
68,11,16100,16400,0,39,0,0,0,0,0,0,0,0,4725948.66,4964641,4,55
68,84,16100,16400,1,155,1,1,0,1,7,7,0,7,4725948.66,4964641,4,55
68,111,16100,16400,1,32,0,0,0,0,6,6,0,0,4725948.66,4964641,4,55
68,53,16100,16400,1,26,1,1,0,0,9,8,1,0,4725948.66,4964641,4,55
68,119,16100,16400,1,81,0,0,0,0,27,0,0,35,4725948.66,4964641,4,55
68,56,16400,16700,1,36,0,0,0,0,2,2,0,17,4797533.52,4981405,0,35
68,47,16400,16700,2,47,0,0,0,0,29,28,1,0,4797533.52,4981405,0,35
68,7,16400,16700,1,58,0,0,0,1,0,0,0,15,4797533.52,4981405,0,35
68,111,16400,16700,1,12,0,0,0,0,0,0,0,0,4797533.52,4981405,0,35
68,119,16400,16700,0,28,0,0,0,0,0,0,0,0,4797533.52,4981405,0,35
68,7,16700,17000,0,99,0,0,0,0,0,0,0,0,4981405.00,4981405,0,0
68,8,17000,17300,1,110,0,0,0,0,0,0,0,16,4691516.65,4981405,1,14
68,104,17300,17600,1,47,0,0,0,0,16,16,0,0,4572004.00,4572004,0,0
68,45,18200,18500,1,56,0,0,0,0,16,16,0,0,4572004.00,4572004,0,0
68,114,18500,18800,1,61,0,0,0,0,16,16,0,0,4572004.00,4572004,0,0
68,85,19700,20000,1,65,0,0,0,0,16,16,0,0,4572004.00,4572004,0,0
68,85,20000,20300,0,70,0,0,0,0,0,0,0,0,4572004.00,4572004,0,0
68,23,20000,20300,1,20,0,0,0,0,7,6,1,0,4572004.00,4572004,0,0
68,65,20300,20600,1,96,0,0,0,0,29,29,0,0,4572004.00,4572004,0,0
68,55,20300,20600,1,8,0,0,0,0,8,7,0,0,4572004.00,4572004,0,0
68,121,20300,20600,1,112,0,0,0,0,16,16,0,0,4572004.00,4572004,0,0
68,67,20300,20600,1,149,0,0,0,0,54,53,1,0,4572004.00,4572004,0,0
68,55,20600,20900,1,61,0,0,0,0,16,16,1,0,4727191.53,4807477,0,15
68,118,20600,20900,1,89,0,0,0,0,15,15,0,2,4727191.53,4807477,0,15
68,91,20600,20900,1,47,0,0,0,1,1,1,0,6,4727191.53,4807477,0,15
68,25,20600,20900,1,221,1,1,0,0,2186,27,0,0,4727191.53,4807477,0,15
68,39,20600,20900,1,35,1,1,0,0,14,14,0,0,4727191.53,4807477,0,15
68,37,20600,20900,1,27,1,1,0,0,14,14,0,0,4727191.53,4807477,0,15
68,55,20900,21200,1,1,0,0,0,0,0,0,0,0,4799019.00,4799019,0,0
68,54,20900,21200,1,9,1,1,0,0,3,2,1,0,4799019.00,4799019,0,0
68,59,20900,21200,1,16,2,2,0,0,6,6,0,0,4799019.00,4799019,0,0
68,49,20900,21200,1,1,0,0,0,0,0,0,0,0,4799019.00,4799019,0,0
68,91,20900,21200,0,1,0,0,0,0,0,0,0,0,4799019.00,4799019,0,0
68,37,20900,21200,1,1,0,0,0,0,0,0,0,0,4799019.00,4799019,0,0
68,32,21200,21500,1,41,3,3,0,0,7,7,0,0,4893627.18,4952300,0,2
68,37,21200,21500,0,24,2,2,0,0,4,4,0,0,4893627.18,4952300,0,2
68,112,21500,21800,1,24,3,3,0,0,9,8,1,0,4952300.00,4952300,0,0
68,116,21500,21800,1,4,0,0,0,0,3,2,1,0,4952300.00,4952300,0,0
68,31,21800,22100,1,41,3,3,0,0,7,7,0,0,4952300.00,4952300,0,0
68,52,21800,22100,1,50,3,3,0,0,7,7,0,0,4952300.00,4952300,0,0
68,31,22100,22400,0,58,0,0,0,0,0,0,0,0,4928263.41,4952300,0,1
68,97,22100,22400,1,20,3,3,0,0,5,4,0,4,4928263.41,4952300,0,1
68,46,22400,22700,1,17,3,3,0,0,5,4,1,0,4575011.90,4695921,1,0
68,97,22400,22700,0,12,0,0,0,0,1,2,0,0,4575011.90,4695921,1,0
68,100,22400,22700,2,59,3,3,0,0,5,5,0,3,4575011.90,4695921,1,0
68,101,22400,22700,2,55,3,3,0,0,5,5,0,0,4575011.90,4695921,1,0
68,55,22700,23000,1,45,2,2,0,0,9,9,0,1,4732936.40,4886681,2,16
68,56,22700,23000,1,45,0,0,0,1,0,0,0,11,4732936.40,4886681,2,16
68,49,22700,23000,1,45,0,0,0,0,142,0,0,2,4732936.40,4886681,2,16
68,77,22700,23000,1,219,4,4,0,0,20,20,0,4,4732936.40,4886681,2,16
68,101,22700,23000,1,49,0,0,0,0,1,1,0,0,4732936.40,4886681,2,16
68,45,22700,23000,1,28,2,2,0,0,12,12,0,0,4732936.40,4886681,2,16
68,58,22700,23000,2,18,0,0,0,0,9,6,0,0,4732936.40,4886681,2,16
68,112,22700,23000,1,18,0,0,0,0,7,6,1,0,4732936.40,4886681,2,16
68,35,23000,23300,1,16,1,1,0,0,8,7,1,1,4703156.33,4933473,1,28
68,57,23000,23300,1,47,0,0,0,0,0,0,0,16,4703156.33,4933473,1,28
68,77,23000,23300,1,68,0,0,0,0,0,0,0,0,4703156.33,4933473,1,28
68,21,23000,23300,1,140,0,0,0,2,0,0,0,10,4703156.33,4933473,1,28
68,100,23000,23300,1,45,0,0,0,0,0,0,0,0,4703156.33,4933473,1,28
68,36,23000,23300,1,1,0,0,0,0,0,0,0,0,4703156.33,4933473,1,28
68,58,23000,23300,2,8,0,0,0,0,92,0,0,0,4703156.33,4933473,1,28
68,41,23000,23300,1,35,0,0,0,0,0,0,0,0,4703156.33,4933473,1,28
68,112,23000,23300,1,1,0,0,0,0,1,0,0,0,4703156.33,4933473,1,28
68,22,23300,23600,1,140,0,0,0,0,2,2,0,15,4681890.41,4860970,2,8
68,21,23300,23600,0,43,0,0,0,0,0,0,0,0,4681890.41,4860970,2,8
68,100,23300,23600,2,25,0,0,0,0,0,0,0,0,4681890.41,4860970,2,8
68,96,23300,23600,1,9,0,0,0,0,1,1,0,1,4681890.41,4860970,2,8
68,112,23300,23600,0,18,2,2,0,0,8,8,1,0,4681890.41,4860970,2,8
68,92,23600,23900,1,106,0,0,0,0,0,0,0,17,4782524.94,4860970,0,16
68,33,23600,23900,1,35,0,0,0,0,16,16,0,0,4782524.94,4860970,0,16
68,22,23600,23900,1,78,0,0,0,0,7,7,0,0,4782524.94,4860970,0,16
68,32,23600,23900,1,15,0,0,0,0,10,9,1,0,4782524.94,4860970,0,16
68,97,23600,23900,1,6,0,0,0,0,0,0,0,0,4782524.94,4860970,0,16
68,116,23600,23900,1,11,0,0,0,0,8,7,1,0,4782524.94,4860970,0,16
68,55,23900,24200,1,78,0,0,0,0,5,5,0,3,4748145.60,4989501,1,34
68,59,23900,24200,1,59,0,0,0,0,656,17,0,0,4748145.60,4989501,1,34
68,39,23900,24200,1,16,0,0,0,0,0,0,0,0,4748145.60,4989501,1,34
68,90,23900,24200,1,81,0,0,0,0,0,0,0,31,4748145.60,4989501,1,34
68,65,24200,24500,1,121,0,0,0,0,10,9,0,13,4884090.56,4918606,0,13
68,65,24500,24800,0,25,0,0,0,0,8,9,0,0,4876668.00,4876668,0,0
68,110,24500,24800,1,26,0,0,0,0,13,12,1,0,4876668.00,4876668,0,0
68,120,24800,25100,1,119,0,0,0,0,47,47,0,0,4876668.00,4876668,0,0
68,54,25100,25400,1,27,0,0,0,0,10,10,0,0,4876668.00,4876668,0,0
68,66,25100,25400,1,157,0,0,0,0,17,17,0,0,4876668.00,4876668,0,0
68,38,25100,25400,1,32,0,0,0,0,17,17,0,0,4876668.00,4876668,0,0
68,112,25100,25400,1,11,0,0,0,0,10,9,1,0,4876668.00,4876668,0,0
68,40,25400,25700,1,30,0,0,0,0,12,11,1,0,4876668.00,4876668,0,0
68,51,25400,25700,1,31,0,0,0,0,9,8,1,0,4876668.00,4876668,0,0
68,97,25400,25700,1,45,0,0,0,0,22,21,1,0,4876668.00,4876668,0,0
68,114,25700,26000,1,24,0,0,0,0,19,18,1,0,4876668.00,4876668,0,0
68,96,25700,26000,1,26,0,0,0,0,143,13,0,0,4876668.00,4876668,0,0
68,105,26000,26300,1,85,0,0,0,0,55,54,0,0,4876668.00,4876668,0,0
68,21,26000,26300,1,144,0,0,0,0,17,17,0,0,4876668.00,4876668,0,0
68,101,26000,26300,1,20,0,0,0,0,15,15,0,0,4876668.00,4876668,0,0
68,97,26000,26300,1,47,0,0,0,0,16,16,0,0,4876668.00,4876668,0,0
68,105,26300,26600,0,133,0,0,0,0,56,57,0,0,4876668.00,4876668,0,0
68,100,26300,26600,1,17,0,0,0,0,13,12,1,0,4876668.00,4876668,0,0
68,58,26300,26600,1,19,0,0,0,0,31,15,1,0,4876668.00,4876668,0,0
68,14,26600,26900,1,37,0,0,0,0,3,3,0,0,4683117.83,4883902,0,14
68,69,26600,26900,1,102,0,0,0,1,6,6,0,8,4683117.83,4883902,0,14
68,47,26600,26900,1,24,0,0,0,0,3,0,0,0,4683117.83,4883902,0,14
68,99,26600,26900,1,15,0,0,0,0,4,4,0,0,4683117.83,4883902,0,14
68,120,26600,26900,1,71,0,0,0,0,1,1,0,4,4683117.83,4883902,0,14
68,74,26600,26900,1,197,1,1,0,0,74,74,0,0,4683117.83,4883902,0,14
68,2,26600,26900,1,143,0,0,0,0,46,46,0,0,4683117.83,4883902,0,14
68,96,26600,26900,1,26,0,0,0,0,22,12,0,0,4683117.83,4883902,0,14
68,113,26600,26900,1,49,1,1,0,0,14,14,0,0,4683117.83,4883902,0,14
68,32,26900,27200,1,27,0,0,0,0,13,13,0,0,4622813.00,4622813,0,0
68,97,26900,27200,1,8,0,0,0,0,2,2,0,0,4622813.00,4622813,0,0
68,45,26900,27200,1,9,0,0,0,0,9,9,0,0,4622813.00,4622813,0,0
68,36,26900,27200,2,59,1,1,0,0,22,21,1,0,4622813.00,4622813,0,0
68,60,26900,27200,1,12,0,0,0,0,11,10,1,0,4622813.00,4622813,0,0
68,98,26900,27200,1,47,1,1,0,0,4,4,0,0,4622813.00,4622813,0,0
68,56,27200,27500,1,44,0,0,0,0,13,13,0,0,4700679.24,4952915,1,26
68,117,27200,27500,1,20,1,1,0,0,15,14,1,0,4700679.24,4952915,1,26
68,110,27200,27500,1,28,0,0,0,1,8,1,0,11,4700679.24,4952915,1,26
68,60,27200,27500,1,20,0,0,0,0,13,12,1,0,4700679.24,4952915,1,26
68,52,27200,27500,1,18,1,0,1,0,11,11,0,0,4700679.24,4952915,1,26
68,113,27200,27500,1,21,0,0,0,0,0,0,0,12,4700679.24,4952915,1,26
68,43,27500,27800,1,21,1,1,0,0,6,6,0,0,4952915.00,4952915,0,0
68,56,27800,28100,1,34,1,1,0,0,107,8,0,0,4869604.20,4952915,1,11
68,61,27800,28100,1,30,0,0,0,0,1,1,0,0,4869604.20,4952915,1,11
68,50,27800,28100,1,29,0,0,0,0,0,0,0,0,4869604.20,4952915,1,11
68,10,27800,28100,1,137,0,0,0,2,0,0,0,9,4869604.20,4952915,1,11
68,61,28100,28400,1,42,0,0,0,0,0,0,0,0,4872634.00,4872634,0,0
68,59,28700,29000,2,82,5,5,0,0,20,19,1,0,4872634.00,4872634,0,0
68,37,28700,29000,2,41,4,3,1,0,15,15,0,0,4872634.00,4872634,0,0
68,83,29300,29600,1,161,2,2,0,0,9,9,0,0,4872634.00,4872634,0,0
68,43,29300,29600,1,26,0,0,0,0,0,0,0,0,4872634.00,4872634,0,0
68,12,29600,29900,1,87,3,3,0,0,9,9,0,0,4872634.00,4872634,0,0
68,71,29600,29900,1,95,6,6,0,0,304,23,0,0,4872634.00,4872634,0,0
68,79,29600,29900,1,118,2,2,0,0,9,9,0,0,4872634.00,4872634,0,0
68,43,29600,29900,1,17,1,1,0,0,2,2,0,0,4872634.00,4872634,0,0
68,3,29600,29900,1,132,3,3,0,0,15,15,0,0,4872634.00,4872634,0,0
68,12,29900,30200,0,82,0,0,0,0,0,0,0,0,4773740.69,4939564,2,44
68,83,29900,30200,1,88,0,0,0,0,0,0,0,0,4773740.69,4939564,2,44
68,87,29900,30200,1,107,3,3,0,0,12,12,0,16,4773740.69,4939564,2,44
68,106,29900,30200,1,161,0,0,0,0,0,0,0,0,4773740.69,4939564,2,44
68,51,29900,30200,2,40,1,1,0,0,7,7,0,0,4773740.69,4939564,2,44
68,28,29900,30200,1,31,0,0,0,0,0,0,0,18,4773740.69,4939564,2,44
68,71,29900,30200,0,88,0,0,0,0,1646,0,0,0,4773740.69,4939564,2,44
68,57,29900,30200,1,22,2,2,0,0,6,6,0,0,4773740.69,4939564,2,44
68,18,29900,30200,1,61,0,0,0,0,1,0,0,18,4773740.69,4939564,2,44
68,72,29900,30200,1,110,0,0,0,0,0,0,0,1,4773740.69,4939564,2,44
68,113,29900,30200,1,62,3,3,0,0,11,11,0,0,4773740.69,4939564,2,44
68,46,30200,30500,1,10,0,0,0,0,0,0,0,0,4876386.75,4913483,0,19
68,83,30200,30500,0,193,0,0,0,0,1,1,0,0,4876386.75,4913483,0,19
68,106,30200,30500,0,10,0,0,0,0,0,0,0,0,4876386.75,4913483,0,19
68,8,30200,30500,1,45,0,0,0,0,0,0,0,0,4876386.75,4913483,0,19
68,51,30200,30500,0,10,0,0,0,0,8,7,1,0,4876386.75,4913483,0,19
68,28,30200,30500,0,127,0,0,0,0,1,1,0,6,4876386.75,4913483,0,19
68,18,30200,30500,0,58,0,0,0,0,112,0,1,12,4876386.75,4913483,0,19
68,25,30200,30500,1,82,0,0,0,0,14,14,0,0,4876386.75,4913483,0,19
68,72,30200,30500,0,78,0,0,0,0,15,15,0,2,4876386.75,4913483,0,19
68,46,30500,30800,1,66,0,0,0,0,7,6,1,0,4913483.00,4913483,0,0
68,8,30500,30800,0,64,0,0,0,0,18,18,0,0,4913483.00,4913483,0,0
68,42,30500,30800,1,32,0,0,0,0,19,19,0,0,4913483.00,4913483,0,0
68,25,30500,30800,0,73,0,0,0,0,7,6,1,0,4913483.00,4913483,0,0
68,113,30500,30800,1,15,0,0,0,0,5,5,0,0,4913483.00,4913483,0,0
68,24,30800,31100,1,84,0,0,0,0,5,5,0,0,4895654.81,4931231,0,12
68,106,30800,31100,1,254,0,0,0,0,604,42,0,0,4895654.81,4931231,0,12
68,86,30800,31100,1,126,0,0,0,0,16,16,0,7,4895654.81,4931231,0,12
68,117,30800,31100,1,45,0,0,0,0,27,26,1,1,4895654.81,4931231,0,12
68,42,30800,31100,1,40,0,0,0,0,15,14,1,0,4895654.81,4931231,0,12
68,111,30800,31100,1,38,0,0,0,0,24,24,0,0,4895654.81,4931231,0,12
68,53,30800,31100,1,51,0,0,0,0,16,16,0,0,4895654.81,4931231,0,12
68,106,31100,31400,0,300,0,0,0,0,479,23,0,17,4793390.63,4960648,0,17
68,79,31100,31400,1,230,0,0,0,0,195,19,0,1,4793390.63,4960648,0,17
68,101,31100,31400,1,9,0,0,0,0,0,0,0,0,4793390.63,4960648,0,17
68,111,31100,31400,1,89,0,0,0,0,43,42,0,0,4793390.63,4960648,0,17
68,52,31100,31400,2,59,0,0,0,0,809,19,0,0,4793390.63,4960648,0,17
68,40,31400,31700,1,8,0,0,0,0,7,6,1,0,4569244.67,4975744,4,55
68,106,31400,31700,0,119,0,0,0,0,11,11,0,11,4569244.67,4975744,4,55
68,55,31400,31700,1,8,0,0,0,0,13,6,1,0,4569244.67,4975744,4,55
68,27,31400,31700,1,69,0,0,0,2,1,0,0,9,4569244.67,4975744,4,55
68,79,31400,31700,0,99,0,0,0,0,209,26,0,0,4569244.67,4975744,4,55
68,117,31400,31700,1,46,0,0,0,0,8,7,1,0,4569244.67,4975744,4,55
68,35,31400,31700,1,78,0,0,0,0,4,1,0,6,4569244.67,4975744,4,55
68,120,31400,31700,1,84,0,0,0,4,1,1,0,21,4569244.67,4975744,4,55
68,44,31400,31700,1,64,0,0,0,0,21,20,1,0,4569244.67,4975744,4,55
68,111,31400,31700,0,98,0,0,0,0,18,18,1,3,4569244.67,4975744,4,55
68,53,31400,31700,1,61,0,0,0,0,0,0,0,0,4569244.67,4975744,4,55
68,98,31400,31700,1,12,0,0,0,0,0,0,0,0,4569244.67,4975744,4,55
68,14,31700,32000,1,173,0,0,0,0,5,5,0,17,4670160.59,4984965,4,35
68,27,31700,32000,0,103,3,3,0,2,14,15,0,10,4670160.59,4984965,4,35
68,47,31700,32000,1,60,4,4,0,0,25,25,0,0,4670160.59,4984965,4,35
68,99,31700,32000,1,37,0,0,0,1,3,3,0,0,4670160.59,4984965,4,35
68,120,31700,32000,0,119,5,5,0,0,30,30,0,5,4670160.59,4984965,4,35
68,100,31700,32000,1,46,0,0,0,0,0,0,0,0,4670160.59,4984965,4,35
68,101,31700,32000,1,51,2,2,0,0,12,12,0,0,4670160.59,4984965,4,35
68,104,31700,32000,1,178,0,0,0,0,3,3,0,13,4670160.59,4984965,4,35
68,73,31700,32000,1,156,1,1,0,0,53,53,0,0,4670160.59,4984965,4,35
68,53,31700,32000,0,0,0,0,0,0,0,0,0,0,4670160.59,4984965,4,35
68,98,31700,32000,1,38,0,0,0,0,27,0,0,0,4670160.59,4984965,4,35
68,31,32000,32300,1,145,1,1,0,0,32,32,0,0,4908444.18,4996428,0,21
68,62,32000,32300,1,71,0,0,0,0,85,23,0,0,4908444.18,4996428,0,21
68,99,32000,32300,1,43,0,0,0,0,1,1,0,12,4908444.18,4996428,0,21
68,101,32000,32300,1,42,0,0,0,1,2,1,1,1,4908444.18,4996428,0,21
68,104,32000,32300,0,105,0,0,0,0,0,0,0,4,4908444.18,4996428,0,21
68,36,32000,32300,1,17,1,1,0,0,36,10,0,0,4908444.18,4996428,0,21
68,63,32000,32300,1,16,0,0,0,0,28,13,1,0,4908444.18,4996428,0,21
68,73,32000,32300,0,18,0,0,0,0,0,0,0,0,4908444.18,4996428,0,21
68,112,32000,32300,1,107,0,0,0,0,62,62,0,0,4908444.18,4996428,0,21
68,99,32300,32600,0,5,0,0,0,0,0,0,0,0,4700508.55,4881035,0,1
68,100,32300,32600,1,31,0,0,0,0,1128,4,0,1,4700508.55,4881035,0,1
68,36,32300,32600,0,35,1,1,0,0,197,16,0,0,4700508.55,4881035,0,1
68,100,32600,32900,1,23,0,0,0,0,1000,0,0,0,4303708.29,4632858,1,0
68,101,32600,32900,2,55,1,1,0,0,1894,6,0,0,4303708.29,4632858,1,0
68,98,32600,32900,1,35,0,0,0,0,6,6,0,1,4303708.29,4632858,1,0
68,40,32900,33200,1,5,0,0,0,0,2,1,1,0,4279696.66,4959956,0,13
68,50,32900,33200,1,23,0,0,0,0,0,0,0,0,4279696.66,4959956,0,13
68,101,32900,33200,0,13,0,0,0,0,470,0,0,0,4279696.66,4959956,0,13
68,39,32900,33200,1,12,0,0,0,0,0,0,0,9,4279696.66,4959956,0,13
68,112,32900,33200,1,28,0,0,0,0,0,0,0,7,4279696.66,4959956,0,13
68,98,32900,33200,1,23,0,0,0,0,0,0,0,0,4279696.66,4959956,0,13
68,36,33200,33500,1,6,0,0,0,0,5,4,1,0,4618662.00,4618662,0,0
68,116,33200,33500,1,12,0,0,0,0,10,9,1,0,4618662.00,4618662,0,0
68,60,33500,33800,1,14,0,0,0,0,12,11,1,0,4618662.00,4618662,0,0
68,60,33800,34100,1,17,0,0,0,0,14,13,1,0,4618662.00,4618662,0,0
68,1,34100,34400,1,21,0,0,0,2,0,0,0,8,4630065.57,4901429,0,13
68,52,34100,34400,2,44,0,0,0,0,16,16,0,0,4630065.57,4901429,0,13
68,1,34400,34700,1,224,0,0,0,2,0,0,0,9,4825474.16,4901429,1,11
68,18,34400,34700,1,96,2,2,0,0,7,7,0,0,4825474.16,4901429,1,11
68,44,34400,34700,1,10,2,1,0,0,9,3,0,1,4825474.16,4901429,1,11
68,62,34700,35000,1,54,4,3,0,0,10,10,0,2,4836223.23,4857771,1,0
68,1,34700,35000,1,59,0,0,0,0,0,0,0,1,4836223.23,4857771,1,0
68,44,34700,35000,1,24,1,1,1,0,343,3,0,0,4836223.23,4857771,1,0
68,38,34700,35000,1,24,3,3,0,0,10,10,0,0,4836223.23,4857771,1,0
68,52,34700,35000,1,23,0,0,0,0,0,0,0,0,4836223.23,4857771,1,0
68,62,35000,35300,0,5,0,1,0,0,4,4,0,0,4734060.66,4955315,0,2
68,51,35000,35300,2,32,3,2,1,0,12,11,1,1,4734060.66,4955315,0,2
68,54,35000,35300,1,17,1,1,0,0,3,3,0,0,4734060.66,4955315,0,2
68,59,35000,35300,1,20,1,1,0,0,2,1,1,0,4734060.66,4955315,0,2
68,118,35000,35300,1,9,0,0,0,0,0,0,0,2,4734060.66,4955315,0,2
68,48,35000,35300,1,29,2,2,0,0,10,10,0,0,4734060.66,4955315,0,2
68,114,35000,35300,2,50,4,4,0,0,17,16,1,0,4734060.66,4955315,0,2
68,36,35000,35300,1,17,13,1,0,0,5,5,0,0,4734060.66,4955315,0,2
68,58,35000,35300,1,11,1,1,0,0,6,5,1,0,4734060.66,4955315,0,2
68,60,35000,35300,2,40,2,2,0,0,46,6,1,0,4734060.66,4955315,0,2
68,83,35300,35600,1,154,1,1,0,3,0,0,0,24,4614074.67,4948453,8,51
68,117,35300,35600,3,29,2,1,1,0,7,6,1,0,4614074.67,4948453,8,51
68,35,35300,35600,1,15,1,1,0,0,8,7,1,0,4614074.67,4948453,8,51
68,114,35300,35600,1,26,0,0,0,0,0,0,0,0,4614074.67,4948453,8,51
68,5,35300,35600,1,112,0,0,0,2,0,0,0,24,4614074.67,4948453,8,51
68,41,35300,35600,1,10,0,0,0,0,0,0,0,0,4614074.67,4948453,8,51
68,38,35300,35600,1,25,0,0,0,2,0,0,0,7,4614074.67,4948453,8,51
68,39,35300,35600,1,32,0,0,0,0,146,0,0,0,4614074.67,4948453,8,51
68,37,35300,35600,1,19,0,0,0,0,0,0,0,2,4614074.67,4948453,8,51
68,4,35600,35900,1,33,0,0,0,0,0,0,0,16,4880931.91,4913146,1,16
68,47,35600,35900,1,44,0,0,0,0,17,17,0,0,4880931.91,4913146,1,16
68,35,35600,35900,1,27,0,0,0,0,17,17,0,0,4880931.91,4913146,1,16
68,63,35600,35900,1,19,0,0,0,0,32,15,1,0,4880931.91,4913146,1,16
68,40,35900,36200,1,23,0,0,0,0,15,15,0,0,4769433.63,4978346,6,40
68,62,35900,36200,1,14,0,0,0,0,2,1,1,0,4769433.63,4978346,6,40
68,59,35900,36200,1,7,0,0,0,0,0,0,0,0,4769433.63,4978346,6,40
68,35,35900,36200,1,48,65,1,0,1,15,12,1,11,4769433.63,4978346,6,40
68,16,35900,36200,1,120,0,0,0,7,0,0,0,16,4769433.63,4978346,6,40
68,97,35900,36200,1,42,2,2,0,0,2,2,0,8,4769433.63,4978346,6,40
68,74,35900,36200,1,108,0,0,0,0,17,17,0,1,4769433.63,4978346,6,40
68,53,35900,36200,1,30,0,0,0,0,0,0,0,0,4769433.63,4978346,6,40
68,46,36200,36500,1,18,2,2,0,0,8,8,0,0,4569407.82,4960989,2,63
68,32,36200,36500,1,67,0,0,0,0,5,5,0,1,4569407.82,4960989,2,63
68,107,36200,36500,1,83,0,0,0,0,0,0,0,26,4569407.82,4960989,2,63
68,101,36200,36500,1,56,0,0,0,0,0,0,0,0,4569407.82,4960989,2,63
68,78,36200,36500,1,138,0,0,0,0,0,0,0,37,4569407.82,4960989,2,63
68,53,36200,36500,1,16,0,0,0,0,47,0,0,0,4569407.82,4960989,2,63
68,78,36500,36800,0,134,0,0,0,3,0,0,0,10,4862326.07,4904095,0,14
68,88,36500,36800,1,162,0,0,0,0,0,0,0,0,4862326.07,4904095,0,14
68,116,36500,36800,1,31,3,3,0,0,10,10,0,0,4862326.07,4904095,0,14
68,113,36500,36800,1,29,4,3,1,0,10,10,0,0,4862326.07,4904095,0,14
68,89,36800,37100,1,199,1,1,0,2,0,0,0,11,4807603.50,4904095,3,9
68,96,36800,37100,1,34,3,3,0,0,2,2,0,0,4807603.50,4904095,3,9
68,113,36800,37100,1,16,3,2,1,0,5,5,0,0,4807603.50,4904095,3,9
68,80,37100,37400,1,90,1,1,0,1,7,7,0,8,4549296.49,4812295,5,17
68,28,37100,37400,1,3,0,0,0,0,2,1,0,0,4549296.49,4812295,5,17
68,58,37100,37400,2,61,1,1,0,0,11,10,1,0,4549296.49,4812295,5,17
68,89,37100,37400,0,10,0,0,0,0,0,0,0,0,4549296.49,4812295,5,17
68,88,37100,37400,1,193,0,0,0,3,0,0,0,9,4549296.49,4812295,5,17
68,12,37400,37700,1,93,0,0,0,1,11,0,0,14,4622812.17,4726974,1,11
68,80,37400,37700,0,27,1,1,0,0,4,4,0,0,4622812.17,4726974,1,11
68,28,37400,37700,0,72,2,2,0,0,21,22,0,0,4622812.17,4726974,1,11
68,104,37400,37700,1,85,2,2,0,0,22,22,0,0,4622812.17,4726974,1,11
68,90,37400,37700,1,34,1,1,0,0,15,15,0,0,4622812.17,4726974,1,11
68,62,37700,38000,1,43,0,0,0,0,680,1,0,0,4703881.00,4703881,0,0
68,35,37700,38000,1,23,0,0,0,0,1,0,1,0,4703881.00,4703881,0,0
68,23,37700,38000,1,103,0,0,0,0,0,0,0,0,4703881.00,4703881,0,0
68,38,37700,38000,1,26,0,0,0,0,0,0,0,0,4703881.00,4703881,0,0
68,96,37700,38000,2,41,0,0,0,0,0,0,0,0,4703881.00,4703881,0,0
68,90,37700,38000,0,37,0,0,0,0,0,0,0,0,4703881.00,4703881,0,0
68,34,38000,38300,1,13,0,0,0,0,7,6,1,0,4727116.81,4873351,1,22
68,69,38000,38300,1,51,0,0,0,0,0,0,0,16,4727116.81,4873351,1,22
68,59,38000,38300,1,13,0,0,0,0,18,8,0,0,4727116.81,4873351,1,22
68,42,38000,38300,1,30,0,0,0,0,15,14,1,0,4727116.81,4873351,1,22
68,114,38000,38300,1,18,0,0,0,0,13,12,1,0,4727116.81,4873351,1,22
68,50,38000,38300,1,25,0,0,0,0,6,6,0,7,4727116.81,4873351,1,22
68,96,38000,38300,1,22,0,0,0,0,0,0,0,0,4727116.81,4873351,1,22
68,59,38300,38600,1,10,7,1,0,0,13,5,1,0,4795371.23,4873351,0,3
68,62,38300,38600,1,8,1,1,0,0,5,4,1,0,4795371.23,4873351,0,3
68,43,38300,38600,1,13,0,0,0,1,7,6,1,0,4795371.23,4873351,0,3
68,36,38300,38600,1,26,0,0,0,0,10,10,0,0,4795371.23,4873351,0,3
68,46,38600,38900,1,16,1,1,0,0,10,9,1,0,4726418.86,4906208,1,69
68,65,38600,38900,1,76,0,0,0,0,0,0,0,21,4726418.86,4906208,1,69
68,102,38600,38900,1,98,0,0,0,0,0,0,0,51,4726418.86,4906208,1,69
68,34,38900,39200,1,15,0,0,0,0,7,7,0,0,4906208.00,4906208,0,0
68,59,38900,39200,1,15,0,0,0,0,12,11,1,0,4906208.00,4906208,0,0
68,41,38900,39200,1,38,0,0,0,0,16,16,0,0,4906208.00,4906208,0,0
68,20,38900,39200,1,156,0,0,0,0,16,16,0,0,4906208.00,4906208,0,0
68,112,38900,39200,1,24,0,0,0,0,8,7,1,0,4906208.00,4906208,0,0
68,49,39200,39500,1,8,0,0,0,0,1,1,0,1,4720391.42,4910874,0,8
68,41,39200,39500,1,107,0,0,0,0,33,33,0,0,4720391.42,4910874,0,8
68,112,39200,39500,1,84,0,0,0,0,16,16,0,0,4720391.42,4910874,0,8
68,113,39200,39500,2,57,0,0,0,0,15,14,1,8,4720391.42,4910874,0,8
68,56,39500,39800,1,36,0,0,0,0,0,0,0,14,4700068.07,4911452,1,30
68,61,39500,39800,1,5,1,0,1,0,6,2,0,1,4700068.07,4911452,1,30
68,48,39500,39800,1,21,0,0,0,0,12,11,1,0,4700068.07,4911452,1,30
68,29,39500,39800,1,141,0,0,0,0,0,0,0,15,4700068.07,4911452,1,30
68,23,39500,39800,1,193,1,1,0,0,10,10,0,0,4700068.07,4911452,1,30
68,112,39500,39800,0,19,0,0,0,0,16,15,1,0,4700068.07,4911452,1,30
68,61,39800,40100,1,6,0,0,0,0,0,0,0,0,4740476.34,4901992,0,15
68,49,39800,40100,1,14,0,0,0,0,5,5,0,0,4740476.34,4901992,0,15
68,71,39800,40100,1,32,0,0,0,0,0,0,0,17,4740476.34,4901992,0,15
68,29,39800,40100,0,90,0,0,0,0,48,47,1,0,4740476.34,4901992,0,15
68,45,39800,40100,1,12,0,0,0,0,0,0,0,0,4740476.34,4901992,0,15
68,23,39800,40100,0,181,0,0,0,0,24,24,0,0,4740476.34,4901992,0,15
68,43,39800,40100,1,35,0,0,0,0,0,0,0,0,4740476.34,4901992,0,15
68,38,39800,40100,1,28,0,0,0,0,15,15,0,1,4740476.34,4901992,0,15
68,52,39800,40100,1,52,0,0,0,0,14,14,0,0,4740476.34,4901992,0,15
68,53,39800,40100,1,20,0,0,0,0,110,9,1,0,4740476.34,4901992,0,15
68,8,40100,40400,1,23,0,0,0,0,6,6,0,0,4752373.93,4929500,0,64
68,51,40100,40400,1,13,0,0,0,0,0,0,0,7,4752373.93,4929500,0,64
68,61,40100,40400,1,18,0,0,0,0,14,7,1,7,4752373.93,4929500,0,64
68,28,40100,40400,1,41,0,0,0,1,0,0,0,13,4752373.93,4929500,0,64
68,71,40100,40400,0,143,0,0,0,0,0,0,0,4,4752373.93,4929500,0,64
68,47,40100,40400,1,28,0,0,0,0,2,2,0,0,4752373.93,4929500,0,64
68,110,40100,40400,1,16,0,0,0,0,12,11,1,1,4752373.93,4929500,0,64
68,45,40100,40400,1,16,1,1,0,0,10,8,1,0,4752373.93,4929500,0,64
68,20,40100,40400,1,109,0,0,0,0,0,0,0,30,4752373.93,4929500,0,64
68,116,40100,40400,1,27,0,0,0,0,11,11,0,0,4752373.93,4929500,0,64
68,115,40400,40700,1,34,0,0,0,0,168,2,0,0,4634454.88,4974871,3,155
68,109,40400,40700,1,93,0,0,0,0,0,0,0,28,4634454.88,4974871,3,155
68,8,40400,40700,0,111,0,0,0,0,1,1,0,4,4634454.88,4974871,3,155
68,51,40400,40700,1,17,0,0,0,0,10,9,1,2,4634454.88,4974871,3,155
68,28,40400,40700,0,125,0,0,0,2,0,0,0,35,4634454.88,4974871,3,155
68,1,40400,40700,1,102,0,0,0,0,0,0,0,26,4634454.88,4974871,3,155
68,50,40400,40700,1,50,0,0,0,0,3,3,0,0,4634454.88,4974871,3,155
68,45,40400,40700,0,8,0,0,0,0,6,7,0,0,4634454.88,4974871,3,155
68,74,40400,40700,1,72,0,0,0,0,13,13,0,0,4634454.88,4974871,3,155
68,36,40400,40700,1,15,0,0,0,0,0,0,0,15,4634454.88,4974871,3,155
68,60,40400,40700,1,29,0,0,0,0,0,0,0,0,4634454.88,4974871,3,155
68,73,40400,40700,1,117,0,0,0,0,0,0,0,49,4634454.88,4974871,3,155
68,115,40700,41000,0,10,0,0,0,0,11,3,0,0,4893491.41,4974871,0,10
68,109,40700,41000,0,25,0,0,0,0,0,0,0,11,4893491.41,4974871,0,10
68,54,40700,41000,1,38,0,0,0,0,4,4,0,0,4893491.41,4974871,0,10
68,50,40700,41000,0,29,0,0,0,0,0,0,0,0,4893491.41,4974871,0,10
68,97,40700,41000,1,8,0,0,0,0,7,6,1,0,4893491.41,4974871,0,10
68,74,40700,41000,0,194,0,0,0,0,0,0,0,0,4893491.41,4974871,0,10
68,96,40700,41000,1,40,0,0,0,0,17,17,0,0,4893491.41,4974871,0,10
68,33,41000,41300,1,32,0,0,0,0,6,6,0,0,4612565.51,4907994,0,1
68,47,41000,41300,1,14,0,0,0,0,7,7,0,1,4612565.51,4907994,0,1
68,32,41000,41300,1,75,0,0,0,0,1220,3,0,0,4612565.51,4907994,0,1
68,77,41000,41300,1,74,0,0,0,0,1227,10,0,0,4612565.51,4907994,0,1
68,41,41000,41300,2,43,0,0,0,0,14,13,1,0,4612565.51,4907994,0,1
68,46,41300,41600,1,18,0,0,0,0,4,4,0,0,4547008.58,4848630,2,56
68,49,41300,41600,1,57,0,0,0,0,1,1,0,0,4547008.58,4848630,2,56
68,77,41300,41600,0,300,0,0,0,0,2930,3,0,34,4547008.58,4848630,2,56
68,97,41300,41600,1,41,0,0,0,0,1,0,1,0,4547008.58,4848630,2,56
68,104,41300,41600,1,55,0,0,0,2,0,0,0,19,4547008.58,4848630,2,56
68,39,41300,41600,1,29,1,1,0,0,14,14,0,0,4547008.58,4848630,2,56
68,17,41300,41600,1,32,0,0,0,1,0,0,0,0,4547008.58,4848630,2,56
68,92,41600,41900,1,246,1,1,0,0,2133,5,0,4,4784183.70,4988697,1,17
68,34,41600,41900,1,54,1,1,0,0,22,21,1,0,4784183.70,4988697,1,17
68,32,41600,41900,1,22,17,0,0,0,5,4,1,0,4784183.70,4988697,1,17
68,77,41600,41900,0,274,5,5,0,1,64,65,0,5,4784183.70,4988697,1,17
68,36,41600,41900,1,24,1,1,0,0,13,13,0,0,4784183.70,4988697,1,17
68,58,41600,41900,1,21,1,1,0,0,10,9,1,0,4784183.70,4988697,1,17
68,96,41600,41900,1,50,0,0,0,0,0,0,0,8,4784183.70,4988697,1,17
68,17,41600,41900,0,25,1,1,0,0,13,13,0,0,4784183.70,4988697,1,17
68,113,41600,41900,1,20,0,0,0,0,2,1,1,0,4784183.70,4988697,1,17
68,92,41900,42200,0,133,0,0,0,0,2127,1,1,10,4694382.82,4996422,3,29
68,34,41900,42200,1,14,0,0,0,0,0,0,0,0,4694382.82,4996422,3,29
68,54,41900,42200,1,3,0,0,0,0,0,0,0,0,4694382.82,4996422,3,29
68,117,41900,42200,1,37,3,3,0,2,34,21,0,3,4694382.82,4996422,3,29
68,57,41900,42200,1,30,0,0,0,0,0,0,0,11,4694382.82,4996422,3,29
68,97,41900,42200,1,25,0,0,0,0,1,1,0,0,4694382.82,4996422,3,29
68,108,41900,42200,1,10,0,0,0,1,0,0,0,1,4694382.82,4996422,3,29
68,41,41900,42200,1,75,1,1,0,0,15,15,0,0,4694382.82,4996422,3,29
68,52,41900,42200,1,17,0,0,0,0,151,0,0,0,4694382.82,4996422,3,29
68,113,41900,42200,1,39,1,1,0,0,14,14,0,0,4694382.82,4996422,3,29
68,92,42200,42500,1,154,0,0,0,0,0,0,0,9,4697483.79,4904006,3,45
68,54,42200,42500,0,28,0,0,0,0,0,0,0,5,4697483.79,4904006,3,45
68,108,42200,42500,0,100,0,0,0,3,0,0,0,32,4697483.79,4904006,3,45
68,96,42200,42500,1,39,0,0,0,0,1,1,0,0,4697483.79,4904006,3,45
68,32,42500,42800,1,30,297,1,0,0,305,9,0,0,4814378.98,4820289,0,2
68,114,42500,42800,1,1,0,0,0,0,1,0,0,0,4814378.98,4820289,0,2
68,35,42800,43100,1,45,2,2,0,0,9,9,0,0,4811203.00,4811203,0,0
68,114,42800,43100,0,22,2,2,0,0,8,9,0,0,4811203.00,4811203,0,0
68,32,42800,43100,1,3,37,0,0,0,37,0,0,0,4811203.00,4811203,0,0
68,111,200,500,1,11,0,0,0,0,0,0,0,0,1768.80,225182,0,0
68,72,200,500,1,46,0,0,0,0,0,0,0,0,1768.80,225182,0,0
68,47,200,500,2,114,0,0,0,0,0,0,0,0,1768.80,225182,0,0
68,62,200,500,1,11,0,0,0,0,0,0,0,1,1768.80,225182,0,0
68,38,200,500,1,12,0,0,0,0,0,0,0,0,1768.80,225182,0,0
68,93,500,800,1,52,0,0,0,0,1,1,0,2,622928.84,901266,0,0
68,47,500,800,0,20,0,0,0,0,0,0,0,0,622928.84,901266,0,0
68,62,500,800,0,9,0,0,0,0,0,0,0,0,622928.84,901266,0,0
68,40,500,800,1,22,0,0,0,0,0,0,0,0,622928.84,901266,0,0
68,38,800,1100,1,5,0,0,0,0,3,3,0,0,901266.00,901266,0,0
68,121,1100,1400,1,63,0,0,0,0,2,2,0,5,1682190.88,2584653,0,0
68,110,1100,1400,1,6,0,0,0,0,3,3,0,0,1682190.88,2584653,0,0
68,3,1400,1700,1,64,0,0,0,0,7,7,0,0,2584653.00,2584653,0,0
68,61,1700,2000,1,30,0,0,0,0,390,8,0,0,2584653.00,2584653,0,0
68,40,1700,2000,1,22,0,0,0,0,7,7,0,0,2584653.00,2584653,0,0
68,110,2000,2300,1,7,0,0,0,0,13,4,1,1,2584653.00,2584653,0,0
68,78,2300,2600,1,120,0,0,0,0,7,7,0,0,2584653.00,2584653,0,0
68,27,2300,2600,1,49,0,0,0,0,6,6,0,0,2584653.00,2584653,0,0
68,100,2300,2600,1,7,0,0,0,0,0,0,0,0,2584653.00,2584653,0,0
68,58,2300,2600,2,24,0,0,0,0,12,11,1,0,2584653.00,2584653,0,0
68,85,2300,2600,1,25,0,0,0,0,7,7,0,0,2584653.00,2584653,0,0
68,52,2300,2600,1,14,0,0,0,0,8,8,0,0,2584653.00,2584653,0,0
68,20,2600,2900,1,253,0,0,0,1,0,0,0,4,4187014.54,4468614,0,2
68,100,2600,2900,1,26,0,0,0,0,7,7,0,0,4187014.54,4468614,0,2
68,99,2600,2900,1,9,0,0,0,1,0,0,0,2,4187014.54,4468614,0,2
68,85,2600,2900,0,45,0,0,0,0,0,0,0,0,4187014.54,4468614,0,2
68,13,2600,2900,1,23,1,1,0,0,11,11,0,0,4187014.54,4468614,0,2
68,101,2600,2900,1,10,1,1,0,0,6,5,1,0,4187014.54,4468614,0,2
68,26,2900,3200,1,63,4,4,0,0,15,14,1,0,4482262.23,4963838,0,2
68,98,2900,3200,1,11,0,0,0,1,0,0,0,1,4482262.23,4963838,0,2
68,100,2900,3200,1,12,1,1,0,0,33,0,0,1,4482262.23,4963838,0,2
68,99,2900,3200,0,7,0,0,0,0,4,3,1,1,4482262.23,4963838,0,2
68,82,2900,3200,1,63,9,2,0,0,19,12,0,0,4482262.23,4963838,0,2
68,13,2900,3200,0,300,8,8,0,0,37,36,0,0,4482262.23,4963838,0,2
68,101,2900,3200,1,15,1,1,0,0,0,0,0,0,4482262.23,4963838,0,2
68,40,2900,3200,1,38,0,0,0,0,0,0,0,0,4482262.23,4963838,0,2
68,67,3200,3500,1,63,1,1,0,0,5,5,0,0,4873958.41,4965120,0,4
68,99,3200,3500,1,10,0,0,0,0,0,0,0,0,4873958.41,4965120,0,4
68,34,3200,3500,1,13,1,1,0,0,0,0,0,0,4873958.41,4965120,0,4
68,62,3200,3500,1,19,2,1,1,0,4,4,0,3,4873958.41,4965120,0,4
68,88,3200,3500,1,66,4,4,0,0,12,11,1,0,4873958.41,4965120,0,4
68,13,3200,3500,0,164,4,4,0,0,29,30,0,0,4873958.41,4965120,0,4
68,101,3200,3500,1,3,0,0,0,0,2,2,0,0,4873958.41,4965120,0,4
68,61,3500,3800,1,12,0,0,0,0,0,0,0,7,4625164.29,4971306,3,70
68,73,3500,3800,1,61,0,0,0,0,3,0,0,2,4625164.29,4971306,3,70
68,54,3500,3800,1,12,0,0,0,0,5,5,0,1,4625164.29,4971306,3,70
68,72,3500,3800,1,136,0,0,0,1,0,0,0,57,4625164.29,4971306,3,70
68,50,3500,3800,1,13,0,0,0,0,1,0,1,0,4625164.29,4971306,3,70
68,45,3500,3800,1,23,0,0,0,0,5,5,0,0,4625164.29,4971306,3,70
68,86,3500,3800,1,10,0,0,0,1,0,0,0,6,4625164.29,4971306,3,70
68,59,3800,4100,1,2,0,0,0,0,2,1,0,0,4800760.36,4949326,2,38
68,102,3800,4100,1,71,0,0,0,0,0,0,0,36,4800760.36,4949326,2,38
68,14,3800,4100,1,61,0,0,0,0,0,0,0,0,4800760.36,4949326,2,38
68,86,3800,4100,0,59,0,0,0,1,0,0,0,6,4800760.36,4949326,2,38
68,59,4100,4400,1,11,0,0,0,0,10,9,2,0,4895184.17,4943996,0,9
68,17,4100,4400,1,50,0,0,0,2,0,0,0,3,4895184.17,4943996,0,9
68,49,4400,4700,1,8,0,0,0,0,6,5,1,0,4690857.92,4999040,2,20
68,116,4400,4700,1,9,0,0,0,0,7,6,1,1,4690857.92,4999040,2,20
68,104,4400,4700,1,51,0,0,0,1,0,0,0,22,4690857.92,4999040,2,20
68,65,4700,5000,1,54,0,0,0,2,0,0,0,12,4553639.19,4731743,1,13
68,41,4700,5000,2,36,2,2,0,0,24,23,1,0,4553639.19,4731743,1,13
68,57,4700,5000,2,18,1,1,0,0,9,7,2,1,4553639.19,4731743,1,13
68,53,4700,5000,1,40,0,0,0,0,0,0,0,0,4553639.19,4731743,1,13
68,53,5000,5300,1,43,0,0,0,0,0,0,0,0,4643398.00,4643398,0,0
